Invoice ID,ConsignmentNumber,InvoiceDate,SalesPostDate,SenderLocationID,ReceiverLocationID,PayingAccountCodeID,PreGSTCharge,TotalUnits,ServiceTypeID
73275209,HIT5000003063,6/9/22 0:00,00:00.0,7051,138295,HIT5,20.46,1,4
73419416,21619802,6/14/22 0:00,00:00.0,10880,777259,PLU4,40.79,5,4
73783350,HIT5000003288,6/21/22 0:00,00:00.0,7051,23812,HIT5,17.82,1,4
73624288,IFS605028,6/17/22 0:00,00:00.0,446,28339,419400,115.46,5,4
73866806,HIT5000003326,6/22/22 0:00,00:00.0,7051,36009,HIT5,17.82,2,4
73917398,HIT5000003341,6/23/22 0:00,00:00.0,7051,36007,HIT5,17.82,1,4
73842517,21905237,6/22/22 0:00,00:00.0,16119,16120,TRI18,12.7,1,4
74097889,FWPM259920-R,6/28/22 0:00,00:00.0,10,6070,FAS14,28.15,1,4
73083566,21413394,6/3/22 0:00,00:00.0,10,7084,HOM9,13.77,1,4
73224268,MYDL00053119-R,6/8/22 0:00,00:00.0,10,5938,MYD1,31.32,2,4
73350081,21567493,6/14/22 0:00,00:00.0,2503,2497,BOC98,343.77,4,2
73066389,21400472,6/3/22 0:00,00:00.0,379429,11053,SAQA,121.59,2,2
73005990,HLTA000003740,6/1/22 0:00,00:00.0,7046,3,HIL11,122.53,2,2
74134214,22111129,6/28/22 0:00,00:00.0,16119,16120,TRI18,12.7,1,4
74255652,HLTA000003987,6/30/22 0:00,00:00.0,7046,7045,HIL11,270.55,1,2
74228973,22167293,6/30/22 0:00,00:00.0,10,13483,TMS60,50.86,1,4
73180459,HIT5000002993,6/7/22 0:00,00:00.0,7051,17602,HIT5,57.46,3,4
73300392,21541421,6/10/22 0:00,00:00.0,114176,295289,COO10,969.72,4,2
73849805,HIT5000003312,6/22/22 0:00,00:00.0,7051,110963,HIT5,17.82,1,4
73954732,HIT5000003351,6/24/22 0:00,00:00.0,7051,23812,HIT5,23.42,2,4
73019263,BEGR000000788,6/2/22 0:00,00:00.0,774979,327552,BET13,23.82,4,4
73234238,HIT5000003031,6/8/22 0:00,00:00.0,7051,160880,HIT5,17.82,1,4
73896664,21939201,6/23/22 0:00,00:00.0,11050,26278,QMRCC,274.23,1,2
73048743,900489879,6/2/22 0:00,00:00.0,41850,775473,ROW3,98.47,1,2
73968106,HIT5000003360,6/24/22 0:00,00:00.0,7051,7068,HIT5,17.82,1,4
73903229,CPBOB5Z1116864-R,6/23/22 0:00,00:00.0,22,1050,COU12,9.77,1,4
73804888,HLTA000003897,6/21/22 0:00,00:00.0,7046,3,HIL11,122.53,2,2
73533639,21693268,6/16/22 0:00,00:00.0,20,773771,PALLET,0,22,2
73286883,FOR0000788017,6/9/22 0:00,00:00.0,15097,20,FOR24,132.16,1,2
73521527,HLTA000003846,6/15/22 0:00,00:00.0,7046,3,HIL11,122.53,2,2
73966737,900317784,6/24/22 0:00,00:00.0,15093,6273,TIC2,531.81,1,2
73359527,HLTA000003824,6/10/22 0:00,00:00.0,7046,1,HIL11,233.92,2,2
73426488,21625978,6/14/22 0:00,00:00.0,15005,295289,COO10,262.89,3,2
74539025,FAR8DNF2022,6/30/22 0:00,00:00.0,661130,661130,FAR8,570.4,0,4
73208789,HIT5000003025,6/7/22 0:00,00:00.0,7051,155836,HIT5,17.82,1,4
74071834,C900481597-1,6/27/22 0:00,00:00.0,8116,37992,LAU9,-44.91,0,2
73035187,104670272,6/3/22 0:00,00:00.0,16179,38897,8317,469.03,3,2
73848374,21909890,6/22/22 0:00,00:00.0,10880,777259,PLU4,64.03,9,4
73767078,LUXC21852732,6/21/22 0:00,00:00.0,8454,8448,LUX1,133.11,2,2
73005865,HLTA000003739,6/1/22 0:00,00:00.0,7046,1,HIL11,215.61,1,2
73972772,IFS605043,6/24/22 0:00,00:00.0,446,28339,419400,79.48,2,4
74175552,HIT5000003412,6/29/22 0:00,00:00.0,7051,18632,HIT5,17.82,1,4
73104036,900505713,6/3/22 0:00,00:00.0,2997,457506,BOC7,1103.09,3,2
73135924,21444507,6/6/22 0:00,00:00.0,15793,295289,COO10,657.93,4,2
73557823,104729668,6/17/22 0:00,00:00.0,15581,38897,8317,913.84,6,2
73960435,21981287,6/24/22 0:00,00:00.0,831110,38837,VAL16,169.82,1,2
73418016,21618535,6/14/22 0:00,00:00.0,2096,117376,BAM7,2591.88,7,2
73243363,HIT5000003040,6/8/22 0:00,00:00.0,7051,14662,HIT5,19.47,1,4
73721646,CMTHW22723-1,6/20/22 0:00,00:00.0,8535,8537,MAT7,-41.07,0,2
74210382,IPCR1008621-R,6/29/22 0:00,00:00.0,9,13278,TMA2,32.86,1,4
74130570,22108287,6/28/22 0:00,00:00.0,11726,11721,RIC3,20.97,2,4
72995837,21365993,6/1/22 0:00,00:00.0,547669,16264,JON8,61.56,7,4
73889787,21933060,6/23/22 0:00,00:00.0,3,4802,CYG1,73.09,2,2
73765964,21851723,6/21/22 0:00,00:00.0,9,5299,PALLET,0,6,2
73767019,YAMSA00804775,6/21/22 0:00,00:00.0,14211,60,YAM5,839.73,2,2
74251137,22184663,6/30/22 0:00,00:00.0,16119,2105,TRI18,12.7,1,4
73893475,21936443,6/23/22 0:00,00:00.0,7398,7377,IDE4,103.37,10,4
73319934,21547486,6/9/22 0:00,00:00.0,10,11851,SAA2,278.2,20,2
73682333,HIT5000003246,6/20/22 0:00,00:00.0,7051,773223,HIT5,17.82,1,4
73308124,21544080,6/10/22 0:00,00:00.0,113389,12616,STO17,34.22,1,4
73036521,104701737,6/3/22 0:00,00:00.0,688,676,8317,671.1,9,2
73135642,21444230,6/6/22 0:00,00:00.0,11050,276135,QCRSB,380.22,1,2
73971133,21989798,6/24/22 0:00,00:00.0,15005,295289,RED18,542.11,4,2
73102830,900489880,6/3/22 0:00,00:00.0,41850,775473,ROW3,108.13,1,2
73778890,IFS605038,6/21/22 0:00,00:00.0,446,28339,419400,389.13,1,2
73298969,21540638,6/9/22 0:00,00:00.0,15986,28512,ABB1,126.16,12,4
73841455,21904214,6/22/22 0:00,00:00.0,15166,57276,SCH32,82.8,1,2
74255565,22188497,6/30/22 0:00,00:00.0,10880,811256,PLU4,37.43,2,4
73274366,21521623,6/9/22 0:00,00:00.0,9746,13836,VNOPC,40.52,1,2
73752643,21840207,6/20/22 0:00,00:00.0,9,1179690,MEA5,115.75,0,2
74276488,HIT5000003458,6/30/22 0:00,00:00.0,7051,7068,HIT5,17.82,1,4
72985012,21358648,6/1/22 0:00,00:00.0,7398,7377,IDE4,20.99,1,4
73301519,900448898,6/9/22 0:00,00:00.0,15692,6273,TIC2,560.64,1,2
73878131,900545802,6/22/22 0:00,00:00.0,12716,6273,TIC2,392.47,1,2
73889120,21932690,6/23/22 0:00,00:00.0,3208,3213,COO10,299.39,1,2
73204526,HIT5000003012,6/7/22 0:00,00:00.0,7051,8909,HIT5,17.82,1,4
73504508,80148519,6/15/22 0:00,00:00.0,28534,17681,021C,406.12,6,2
74139816,22114835,6/28/22 0:00,00:00.0,675,2137,BEA17,63.55,3,2
73883152,21928226,6/23/22 0:00,00:00.0,9,5299,PALLET,0,8,2
73042056,HIT5000002923,6/2/22 0:00,00:00.0,7051,117,HIT5,19.44,1,4
73116517,21429415,6/6/22 0:00,00:00.0,9,2356,BEL13,33.84,1,4
73767785,HIT5000003283,6/21/22 0:00,00:00.0,7051,7053,HIT5,17.82,1,4
73067740,DXP2222608,6/2/22 0:00,00:00.0,15943,110900,CRE8,16.07,1,4
74247376,HIT5000003443,6/30/22 0:00,00:00.0,7051,796414,HIT5,17.82,1,4
73282686,HIT5000003070,6/9/22 0:00,00:00.0,7051,76758,HIT5,31.71,1,4
73634089,21759901,6/17/22 0:00,00:00.0,16119,282313,TRI18,12.81,1,4
73117240,RLWM108624,6/6/22 0:00,00:00.0,5554,3068,REL7,11.35,1,4
73632999,104765580,6/20/22 0:00,00:00.0,675,684,8317,650.79,6,2
73281568,LINS000010305,6/9/22 0:00,00:00.0,8290,8191,LIN24,33.88,3,4
73097669,HLTA000003768,6/3/22 0:00,00:00.0,7046,20,HIL11,91.52,1,2
73015122,21372020,6/2/22 0:00,00:00.0,9,10544,PALLET,0,12,2
73544294,21699668,6/15/22 0:00,00:00.0,9,1179690,MEA5,115.75,0,2
73552555,21706010,6/16/22 0:00,00:00.0,1,7465,ILS3,64.4,1,2
72985201,CFW42420919,6/1/22 0:00,00:00.0,245577,12189,SKE1,68.51,2,2
74053898,SS00000000969,6/27/22 0:00,00:00.0,27900,94958,8ST1,21.05,2,4
74063500,FOR0000788040,6/27/22 0:00,00:00.0,15097,38815,SAF12,111.41,1,2
72990157,LO600994508,6/1/22 0:00,00:00.0,773771,20,DUL12,288.2,2.5,2
73226349,900515556,6/8/22 0:00,00:00.0,471721,772349,CAN15,67.68,6,4
73994751,HLTA000003933,6/24/22 0:00,00:00.0,7046,20,HIL11,91.52,1,2
73127864,ANIS21394585-R,6/6/22 0:00,00:00.0,9,1411,ANI4,17.82,1,4
73557612,SMPT21710731,6/16/22 0:00,00:00.0,12402,12401,SOU61,115.35,1,2
73251313,T21432584-0,6/3/22 0:00,00:00.0,9,9476,tms88,87.97,0,2
74155224,900519314,6/28/22 0:00,00:00.0,38375,28779,BEN10,131.16,1,2
73841372,21904123,6/22/22 0:00,00:00.0,15005,295289,COO10,333.1,3,2
73243529,HIT5000003041,6/8/22 0:00,00:00.0,7051,35997,HIT5,17.82,1,4
74290364,21498968-R,6/30/22 0:00,00:00.0,1,1093021,FEL4,231.7,1,2
73688919,HIT5000003251,6/20/22 0:00,00:00.0,7051,513,HIT5,17.82,1,4
73583042,20206378-R,6/16/22 0:00,00:00.0,1,13743,UTE2,130.81,7,4
73866385,900519264,6/22/22 0:00,00:00.0,15168,1186936,SCH28,1344.73,4,2
73320150,21547507,6/10/22 0:00,00:00.0,5,2119,BAY11,214.67,5,2
73214617,FSTP115773-R,6/7/22 0:00,00:00.0,1,15540,FAS18,32.86,1,4
73396103,21598991,6/10/22 0:00,00:00.0,9,1179690,MEA5,115.75,0,2
73263443,HLTA000003801,6/8/22 0:00,00:00.0,7046,20,HIL11,91.52,1,2
73203110,900544507,6/7/22 0:00,00:00.0,658,659,7542,890.89,6,2
73076988,TRU943003,6/3/22 0:00,00:00.0,57621,13613,TRU36,52.08,1,2
73010965,21370322,6/1/22 0:00,00:00.0,9,6643,GUA2,25.47,1,4
73563378,21715550,6/16/22 0:00,00:00.0,1,9749,PALLET,0,20,2
73947718,21971255,6/24/22 0:00,00:00.0,3,5954,EVA4,50,60,2
73971016,21989684,6/24/22 0:00,00:00.0,15677,347795,CAP15,106.08,4,4
73847127,HIT5000003311,6/22/22 0:00,00:00.0,7051,800791,HIT5,17.82,1,4
72972033,HIT5000002877,6/1/22 0:00,00:00.0,7051,23812,HIT5,17.82,2,4
73036985,AUST000622315-R,6/2/22 0:00,00:00.0,1,29251,AUS210,38.1,3,4
73177892,ASH0000000223,6/7/22 0:00,00:00.0,1648,65046,ASH6,14.78,1,4
73799461,HIT5000003297,6/21/22 0:00,00:00.0,7051,36008,HIT5,17.82,2,4
73116693,21429573,6/6/22 0:00,00:00.0,14981,11052,QHD2,64.4,1,2
73065945,TRU942957,6/3/22 0:00,00:00.0,160044,13613,TRU33,28.38,8,4
73549301,PGGS34792-R,6/16/22 0:00,00:00.0,15,8890,MRS3,73.17,1,4
73198829,104701657,6/8/22 0:00,00:00.0,688,676,8317,521.97,7,2
73083371,APFO122738-R,6/3/22 0:00,00:00.0,1,1456,APE14,0,8,4
73724464,WAHL237379-R,6/20/22 0:00,00:00.0,10,13722,UNI39,70.64,5,4
72976459,21351648,6/1/22 0:00,00:00.0,9,2356,BEL13,44.36,1,4
74266808,22197571,6/30/22 0:00,00:00.0,159969,19,BEX-IT,0,1,4
73059320,900544506,6/2/22 0:00,00:00.0,658,659,7542,190.99,1,2
73302558,HIT5000003088,6/9/22 0:00,00:00.0,7051,793365,HIT5,17.82,1,4
73248043,HIT5000003047,6/8/22 0:00,00:00.0,7051,1256853,HIT5,28.71,1,4
74154726,900456952,6/28/22 0:00,00:00.0,182454,775697,Mar-46,120.77,1,4
73093066,HIT5000002953,6/3/22 0:00,00:00.0,7051,110964,HIT5,17.82,1,4
72972890,HIT5000002878,6/1/22 0:00,00:00.0,7051,866521,HIT5,63.36,2,4
73539911,HIT5000003187,6/16/22 0:00,00:00.0,7051,23030,HIT5,27.22,3,4
73264822,CC6844081-1-1,6/8/22 0:00,00:00.0,517209,158909,4614,3.42,0,2
72994682,HIT5000002896,6/1/22 0:00,00:00.0,7051,36007,HIT5,17.82,1,4
73501579,FOR0000788022,6/15/22 0:00,00:00.0,15097,20,FOR24,89.26,1,2
72976883,21351911,6/1/22 0:00,00:00.0,9,690634,PALLET,0,4,2
73985660,HIT5000003370,6/24/22 0:00,00:00.0,7051,1092538,HIT5,17.82,2,4
73799822,HIT5000003299,6/21/22 0:00,00:00.0,7051,36009,HIT5,17.82,1,4
74045862,22046247,6/27/22 0:00,00:00.0,9,38685,EVE17,19.8,1,4
73349178,HIT5000003119,6/10/22 0:00,00:00.0,7051,44583,HIT5,30.49,1,4
73850029,HIT5000003313,6/22/22 0:00,00:00.0,7051,110964,HIT5,17.82,1,4
73099177,21418938,6/3/22 0:00,00:00.0,774892,28719,dia9,182.95,1,2
73472821,21652647,6/15/22 0:00,00:00.0,4922,4886,DEL15,16.23,1,4
73477750,ITLA231969-R,6/15/22 0:00,00:00.0,10,7572,INT51,0,3,4
74062002,104799851,6/28/22 0:00,00:00.0,2418,14256,8317,1139.29,10,2
73448782,21642684,6/14/22 0:00,00:00.0,15282,12746,SUN12,32.21,1,4
73226921,21495210,6/8/22 0:00,00:00.0,3,6114,FDM1,115.55,6,2
73971188,21877199-R,6/24/22 0:00,00:00.0,10,1211717,THE62,49.25,1,4
74144308,HIT5000003409,6/28/22 0:00,00:00.0,7051,109550,HIT5,17.82,1,4
73360708,900386918,6/10/22 0:00,00:00.0,20029,158909,4614,317.05,4,2
73019133,21374024,6/2/22 0:00,00:00.0,774780,156034,SUL7,371.14,19,4
74189201,IFS605052,6/29/22 0:00,00:00.0,446,28339,419400,120.6,4,4
74053607,SS00000000967,6/27/22 0:00,00:00.0,27900,33013,8ST1,23.09,1,4
73200050,21484684,6/7/22 0:00,00:00.0,6544,45080,GHL1,18.84,1,4
73332792,HIT5000003109,6/10/22 0:00,00:00.0,7051,36007,HIT5,19.42,2,4
73038386,C20981062-1,6/2/22 0:00,00:00.0,3,13722,UNI39,-1093.99,0,2
74021246,22024470,6/27/22 0:00,00:00.0,9,5299,PALLET,0,5,2
73197497,HIT5000003006,6/7/22 0:00,00:00.0,7051,105060,HIT5,17.82,1,4
73456754,21646042,6/14/22 0:00,00:00.0,9,1211717,THE62,15.97,1,4
74149399,HAL28062022,6/28/22 0:00,00:00.0,6883,159611,HAL10,18.37,1,4
74073328,HIT5000003390,6/27/22 0:00,00:00.0,7051,38067,HIT5,23.72,1,4
74101002,22082772,6/28/22 0:00,00:00.0,5,2119,BAY11,214.67,5,2
73793195,21872817,6/22/22 0:00,00:00.0,1647,15169,ASH6,13.91,1,4
74240812,22176339,6/30/22 0:00,00:00.0,675,5222,DRI7,508.43,1,2
73459669,HLTA000003838,6/14/22 0:00,00:00.0,7046,1,HIL11,64.4,4,2
74067740,HIT5000003387,6/27/22 0:00,00:00.0,7051,2803,HIT5,17.82,1,4
73415839,21616749,6/14/22 0:00,00:00.0,9,5299,PALLET,0,4,2
73451174,RET62659452,6/15/22 0:00,00:00.0,15284,8212,LIN25,46.38,1,4
73053247,C21169874-1,6/2/22 0:00,00:00.0,3,13722,UNI39,-1109.13,0,2
73841798,21904564,6/22/22 0:00,00:00.0,15166,57276,SCH32,99.22,1,2
73774602,SS00000000958,6/21/22 0:00,00:00.0,27900,27901,8ST1,50.43,2,4
74063263,22061487,6/27/22 0:00,00:00.0,6544,25655,GHL1,278.27,1,2
73233832,21500635,6/8/22 0:00,00:00.0,5,38488,ILS1,64.4,1,2
73471938,21651919,6/14/22 0:00,00:00.0,9,14853,BUS9,86.07,0,2
73113577,21380051-1,6/6/22 0:00,00:00.0,3,6114,FDM1,0,6,2
73252652,LO601008728,6/8/22 0:00,00:00.0,773771,20,DUL12,288.2,2.5,2
73300193,HIT5000003087,6/9/22 0:00,00:00.0,7051,7053,HIT5,17.82,3,4
73171790,21463197,6/7/22 0:00,00:00.0,3,6114,FDM1,295.38,8,2
73497330,CRYS6852R-1,6/15/22 0:00,00:00.0,15381,20,CRY7,170.36,1,2
73892217,LINS000010415,6/23/22 0:00,00:00.0,8290,8191,LIN24,24.93,1,4
74174015,HIT5000003411,6/29/22 0:00,00:00.0,7051,93590,HIT5,50.49,1,4
74035400,HIT5000003374,6/27/22 0:00,00:00.0,7051,24599,HIT5,17.82,1,4
73525935,900519307,6/15/22 0:00,00:00.0,38375,462414,BEN10,131.16,1,2
73744917,21834348,6/21/22 0:00,00:00.0,10,25327,PDW2,12.61,1,4
73911803,YMAQLD0484983,6/23/22 0:00,00:00.0,13161,60,YAM5,127.35,1,2
73337165,JLGWA00003357,6/10/22 0:00,00:00.0,1093483,7699,JLG2,84.3,1,2
73900377,JLGWA00003375,6/23/22 0:00,00:00.0,1093483,7699,JLG2,20.17,1,4
73216965,21490530,6/7/22 0:00,00:00.0,9,7592,IPD2,16.24,1,4
73025617,HIT5000002917,6/2/22 0:00,00:00.0,7051,105060,HIT5,23.84,4,4
73874908,AUST000622426,6/22/22 0:00,00:00.0,661130,661130,AUS206,146.45,2,2
73036977,21387894,6/2/22 0:00,00:00.0,2096,117376,BAM7,219.66,1,2
73176701,HIT5000002986,6/7/22 0:00,00:00.0,7051,35996,HIT5,17.82,1,4
73274426,21521640,6/9/22 0:00,00:00.0,831110,38837,VAL16,169.82,1,2
73779362,HIT5000003286,6/21/22 0:00,00:00.0,7051,35996,HIT5,17.82,1,4
73707574,21814378,6/20/22 0:00,00:00.0,1092684,11924,SCBM,113.17,1,2
74182344,22139158,6/29/22 0:00,00:00.0,1092684,11053,SBEVPUR,2139.08,26,2
74095163,22078338,6/27/22 0:00,00:00.0,9,500,520700,115.29,0,2
74130511,HIT5000003401,6/28/22 0:00,00:00.0,7051,8909,HIT5,19.13,1,4
74210395,HIT5000003436,6/29/22 0:00,00:00.0,7051,9399,HIT5,17.82,1,4
72988013,21360820,6/1/22 0:00,00:00.0,6544,244578,GHL1,23.69,2,4
73121586,21433052,6/3/22 0:00,00:00.0,9,25862,903600,101.24,0,2
73905178,21946954,6/23/22 0:00,00:00.0,15986,28512,ABB1,48.21,6,4
73430986,SS00000000935,6/14/22 0:00,00:00.0,27900,94958,8ST1,19.58,2,4
73873670,HLTA000003911,6/22/22 0:00,00:00.0,7046,20,HIL11,91.52,1,2
73225285,21494462,6/7/22 0:00,00:00.0,10,12280,SOJ1,46.84,150,2
73094167,900464838,6/3/22 0:00,00:00.0,380014,16157,FLO13,58,1,2
73427080,HIT5000003137,6/14/22 0:00,00:00.0,7051,6589,HIT5,17.82,1,4
73915159,21955347,6/23/22 0:00,00:00.0,16119,16120,TRI18,12.7,1,4
73866606,HLTA000003905,6/22/22 0:00,00:00.0,7039,7046,HIL11,91.23,1,2
73021679,21375869,6/2/22 0:00,00:00.0,11726,11721,RIC3,110.27,1,2
73503799,HIT5000003173,6/15/22 0:00,00:00.0,7051,319,HIT5,17.82,1,4
73299942,GEOP208116-R,6/9/22 0:00,00:00.0,15,6506,GEO12,28.3,4,4
73779617,CSCAP108441-1-1,6/21/22 0:00,00:00.0,9,12796,SUP35,-40.43,0,4
73068262,HIT5000002936,6/3/22 0:00,00:00.0,7051,110964,HIT5,17.82,1,4
73910713,21951760,6/23/22 0:00,00:00.0,6544,28562,GHL1,78.57,4,4
73824938,21890048,6/22/22 0:00,00:00.0,11050,26278,QMRCC,297.37,1,2
73599270,YAMVIC0799918,6/17/22 0:00,00:00.0,14193,60,YAM5,111.8,1,2
72980687,10568314,6/1/22 0:00,00:00.0,675,675,BEA17,1200,3,2
73970858,AUEX18896389-R,6/24/22 0:00,00:00.0,10,1739,AUS208,0,1,4
73735486,HLTA000003887,6/20/22 0:00,00:00.0,7046,10,HIL11,120.9,3,2
73083890,APFO123673-R,6/3/22 0:00,00:00.0,775975,1456,APE14,15.32,1,4
74117613,PRES211775-R,6/28/22 0:00,00:00.0,10,5299,EAS15,48.39,1,4
74219986,HLTA000003981,6/29/22 0:00,00:00.0,7045,7046,HIL11,69.04,1,2
73954019,JLG0000004211-1,6/24/22 0:00,00:00.0,15584,7699,JLG2,91.95,1,2
73326407,HIT5000003103,6/10/22 0:00,00:00.0,7051,677,HIT5,17.82,1,4
73471466,21651862,6/14/22 0:00,00:00.0,9,500,520700,115.29,0,2
73210959,21488764,6/7/22 0:00,00:00.0,9,7773,TMS163,16.5,1,4
73459175,HLTA000003836,6/14/22 0:00,00:00.0,7046,10,HIL11,82.72,1,2
73442132,HIT5000003149,6/14/22 0:00,00:00.0,7051,2803,HIT5,17.82,1,4
73345434,21516017-1,6/10/22 0:00,00:00.0,775219,19,BEX-IT,0,1,4
73760874,21847118,6/21/22 0:00,00:00.0,755,12408,SOU59,862.8,7,2
73295845,21538766,6/9/22 0:00,00:00.0,11050,277461,QMRCB,214.58,1,2
73139707,SS00000000918,6/6/22 0:00,00:00.0,27900,32997,8ST1,29.41,2,4
73066685,HIT5000002933,6/3/22 0:00,00:00.0,7051,23030,HIT5,17.82,1,4
72980795,HIT5000002888,6/1/22 0:00,00:00.0,7051,23030,HIT5,17.82,1,4
73396081,21598976,6/10/22 0:00,00:00.0,9,25862,903600,101.24,0,2
73709641,SS00000000956,6/20/22 0:00,00:00.0,27900,32156,8ST1,28.21,2,4
73278649,21524682,6/9/22 0:00,00:00.0,774780,156034,SUL7,110.24,1,4
73809550,900519236,6/21/22 0:00,00:00.0,38450,38451,PAL5,97.45,1,2
73932121,JLG0000004480,6/23/22 0:00,00:00.0,15584,1093483,JLG2,508.92,1,2
73005396,DXP2223188,6/1/22 0:00,00:00.0,15943,37875,CRE8,19.87,1,4
73532036,21519142-R,6/16/22 0:00,00:00.0,5,1211717,THE62,54.85,1,4
74537922,AUS206DNF2022,6/30/22 0:00,00:00.0,661130,661130,AUS206,6261.87,0,4
73364450,CPBXWAC0148429-R,6/10/22 0:00,00:00.0,1,4709,COU16,24.21,1,4
74200772,HIT5000003424,6/29/22 0:00,00:00.0,7051,7059,HIT5,17.82,1,4
74256410,FOR0000788048,6/30/22 0:00,00:00.0,15097,20,FOR24,37.09,1,4
73311870,HLTA000003811,6/9/22 0:00,00:00.0,7046,3,HIL11,122.53,2,2
73033913,21385593,6/2/22 0:00,00:00.0,16119,16120,TRI18,12.7,1,4
74254751,22187903,6/30/22 0:00,00:00.0,628739,3224,COR13,476.54,1,2
73009614,900448498,6/1/22 0:00,00:00.0,15480,6273,TIC2,158.85,1,2
72995656,HIT5000002898,6/1/22 0:00,00:00.0,7051,3703,HIT5,20,1,4
73204313,21486758,6/8/22 0:00,00:00.0,15804,848,WIS2,486.4,4,2
73071254,21403809,6/3/22 0:00,00:00.0,1092684,11053,SBEVPUR,40.52,3,2
73842315,21905047,6/22/22 0:00,00:00.0,4922,4886,DEL15,150.01,1,2
73826404,HIT5000003301,6/22/22 0:00,00:00.0,7051,54336,HIT5,24.62,1,4
73976323,21993866,6/24/22 0:00,00:00.0,6544,347629,GHL1,480.89,2,2
73824481,CAFSPAYMENTCON-49,6/22/22 0:00,00:00.0,56288,56288,ALT3045,-5570.19,0,2
73551715,21705575,6/16/22 0:00,00:00.0,309,151235,3615,1150.24,8,2
73303023,HIT5000003090,6/9/22 0:00,00:00.0,7051,35999,HIT5,17.82,1,4
73051723,900560715,6/2/22 0:00,00:00.0,777643,38092,NOR17,88.93,1,2
73979166,VTAC15975-R,6/24/22 0:00,00:00.0,10,7084,KUE13,102.56,7,2
74179739,HIT5000003414,6/29/22 0:00,00:00.0,7051,3019,HIT5,17.82,1,4
74169250,22128528,6/29/22 0:00,00:00.0,16255,15877,PBA2,303.97,1,2
73947965,21971327,6/24/22 0:00,00:00.0,9,5299,PALLET,0,5,2
74263437,21954289,6/30/22 0:00,00:00.0,10,5601,EFF64,10.54,1,4
73907779,21949286,6/24/22 0:00,00:00.0,15220,15218,GEN17,322.18,1,2
74036752,PEL81031517-R,6/27/22 0:00,00:00.0,10,11743,ROA6,177.99,8,4
73674195,21160160-R,6/20/22 0:00,00:00.0,10,4802,CYG1,0,10,4
74171273,22130391,6/29/22 0:00,00:00.0,9,1501,AQU16,19.8,1,4
73531985,21692343,6/16/22 0:00,00:00.0,9,14659,PALLET,0,300,2
73956861,21978223,6/24/22 0:00,00:00.0,3201,3213,COO10,188.99,1,2
73298720,HIT5000003082,6/9/22 0:00,00:00.0,7051,215325,HIT5,61.23,6,4
74185886,22142512,6/29/22 0:00,00:00.0,9,38695,PALLET,0,150,2
72996550,RCSP216639-R,6/1/22 0:00,00:00.0,22,15809,STY3,9.24,1,4
73928623,RET62721862,6/24/22 0:00,00:00.0,159898,8212,LIN25,46.38,1,4
73352277,21568398,6/10/22 0:00,00:00.0,9,2356,BEL13,44.36,1,4
74142215,HIT5000003407,6/28/22 0:00,00:00.0,7051,1092538,HIT5,25.57,2,4
73180187,HIT5000002991,6/7/22 0:00,00:00.0,7051,7066,HIT5,17.82,1,4
73140155,HIT5000002971,6/6/22 0:00,00:00.0,7051,115,HIT5,17.82,1,4
73651722,900497476,6/17/22 0:00,00:00.0,16156,16157,FLO13,173.9,2,2
73168237,21461521,6/7/22 0:00,00:00.0,9,10544,PALLET,0,17,2
73299294,104724551,6/10/22 0:00,00:00.0,675,687,8317,173.53,1,2
73138047,21446353,6/3/22 0:00,00:00.0,9,1179690,MEA5,115.75,0,2
73751330,21839137,6/20/22 0:00,00:00.0,9,14038,GSL1,97.41,0,2
74083347,HLTA000003950,6/27/22 0:00,00:00.0,7045,7046,HIL11,74.35,1,2
72974815,HIT5000002881,6/1/22 0:00,00:00.0,7051,773223,HIT5,18.77,1,4
74141445,HLTA000003962,6/28/22 0:00,00:00.0,7039,7046,HIL11,81.87,1,2
73387564,21592567,6/13/22 0:00,00:00.0,15169,26556,ASH6,16.17,2,4
73387508,21592527,6/13/22 0:00,00:00.0,15169,157548,ASH6,26.57,4,4
73807674,900560722,6/21/22 0:00,00:00.0,777643,38092,NOR17,126.47,1,2
73757270,HIT5000003274,6/21/22 0:00,00:00.0,7051,36000,HIT5,17.82,1,4
73086650,HIT5000002941,6/3/22 0:00,00:00.0,7051,40661,HIT5,17.82,1,4
73429357,21628404,6/14/22 0:00,00:00.0,348429,5226,DSV2,177.75,1,2
73291799,21536066,6/9/22 0:00,00:00.0,675,12802,SUP36,94.25,1,2
73532104,21692381,6/16/22 0:00,00:00.0,9,10571,PET18,117.09,50,2
73081406,21411761,6/6/22 0:00,00:00.0,26585,10880,PLU4,64.71,1,4
73646811,HLTA000003874,6/17/22 0:00,00:00.0,7046,10,HIL11,168.62,3,2
74266490,FOR0000788054,6/30/22 0:00,00:00.0,15097,20,FOR24,942.86,2,2
73531950,21692329,6/16/22 0:00,00:00.0,9,16096,PALLET,0,150,2
74196743,22151694,6/29/22 0:00,00:00.0,6,5,PP-ALB,79.49,1,4
73070323,21403129,6/3/22 0:00,00:00.0,11050,11053,SAQA,208.8,1,2
72992394,RET626080260,6/2/22 0:00,00:00.0,234383,8212,LIN25,46.38,1,4
73027497,21380560,6/2/22 0:00,00:00.0,15552,15553,SPI7,189.6,1,2
73352059,AUSG000479453-R,6/10/22 0:00,00:00.0,1,9635,AUS189,15.32,1,4
73348375,HIT5000003116,6/10/22 0:00,00:00.0,7051,7053,HIT5,17.82,2,4
73939233,AUST000622428,6/23/22 0:00,00:00.0,661130,661130,AUS206,27.23,1,4
73670965,20950103-R,6/20/22 0:00,00:00.0,5,1211717,THE62,49.63,1,4
73433908,HIT5000003139,6/14/22 0:00,00:00.0,7051,800791,HIT5,35.86,2,4
73759529,ASH0000000239,6/21/22 0:00,00:00.0,1648,26556,ASH6,13.2,1,4
74112171,OZIT000000858,6/29/22 0:00,00:00.0,152754,9899,OZI1,193.25,1,2
73051613,HLTA000003754,6/2/22 0:00,00:00.0,7046,1,HIL11,395.46,2,2
73408884,HIT5000003129,6/14/22 0:00,00:00.0,7051,8909,HIT5,17.82,1,4
74199919,21257228-R,6/29/22 0:00,00:00.0,1,8593,MCL4,91.28,2,4
74242227,HIT5000003438,6/30/22 0:00,00:00.0,7051,115,HIT5,17.82,1,4
73283093,21528697,6/8/22 0:00,00:00.0,10,12280,SOJ1,46.84,120,2
73282385,21528042,6/9/22 0:00,00:00.0,15986,500369,ABB1,37.63,1,4
73474382,21653607,6/15/22 0:00,00:00.0,2484,2515,BOC13,83.65,1,2
73065046,21399498,6/3/22 0:00,00:00.0,5,2119,BAY11,176.54,4,2
73262845,HLTA000003799,6/8/22 0:00,00:00.0,7046,3,HIL11,69.48,1,2
73778565,21863356,6/21/22 0:00,00:00.0,1647,1648,ASH6,13.2,1,4
73208197,HIT5000003021,6/7/22 0:00,00:00.0,7051,115,HIT5,17.82,1,4
73615552,LUXC21747055,6/17/22 0:00,00:00.0,8448,8454,LUX1,489.82,3,2
74176008,22133632,6/28/22 0:00,00:00.0,10,12280,SOJ1,40,120,2
73952129,ILSB21277089-R,6/24/22 0:00,00:00.0,9,72,ILS2,0,1,4
73436450,HIT5000003141,6/14/22 0:00,00:00.0,7051,1950,HIT5,17.82,1,4
73045973,21393847,6/3/22 0:00,00:00.0,10880,74358,PLU4,33.7,3,4
74241784,HIT5000003437,6/30/22 0:00,00:00.0,7051,124235,HIT5,17.82,1,4
72977149,HIT5000002883,6/1/22 0:00,00:00.0,7051,110963,HIT5,17.82,1,4
74049499,22049537,6/27/22 0:00,00:00.0,11050,26278,QROCB,317.48,1,2
72986038,CAFSPAYMENTCON-46,6/1/22 0:00,00:00.0,56288,56288,ALT3045,-5205.25,0,2
73102053,900481597,6/3/22 0:00,00:00.0,8116,37992,LAU9,197.03,1,2
73197732,21483333,6/7/22 0:00,00:00.0,6544,91003,GHL1,22.68,1,4
73019363,BEGR000000789,6/2/22 0:00,00:00.0,774979,328312,BET13,23.31,3,4
73229013,HIT5000003028,6/8/22 0:00,00:00.0,7051,117,HIT5,20.71,1,4
73059367,900461992,6/2/22 0:00,00:00.0,6015,6016,FAS10,103.76,1,4
73629515,CPBXVCC0797412-R,6/17/22 0:00,00:00.0,10,1050,COU12,11.71,1,4
73138370,HIT5000002969,6/6/22 0:00,00:00.0,7051,328,HIT5,17.82,1,4
73172619,900393648,6/7/22 0:00,00:00.0,10,16157,FLO13,128.82,1,2
73874083,900448732,6/22/22 0:00,00:00.0,15473,6273,TIC2,98.86,1,2
73857096,HIT5000003320,6/22/22 0:00,00:00.0,7051,16664,HIT5,17.82,1,4
73389631,21594019,6/13/22 0:00,00:00.0,1,4709,COU16,130.33,0,4
73006171,HLTA000003744,6/1/22 0:00,00:00.0,7045,7046,HIL11,69.04,1,2
73060708,900460070,6/2/22 0:00,00:00.0,547306,15584,JLG2,738.75,2,2
73641947,300863158,6/17/22 0:00,00:00.0,1256201,11743,ROA8,16.36,1,4
73387140,21592382,6/13/22 0:00,00:00.0,15169,157601,ASH6,18.23,1,4
73777838,21862685,6/21/22 0:00,00:00.0,28232,28233,CIA2,19.8,1,4
74123625,IFS605049,6/28/22 0:00,00:00.0,446,28339,419400,22.95,1,4
74535996,WOADNF2022,6/30/22 0:00,00:00.0,33873,33873,WOR17,7304.5,0,4
73195533,21481929,6/7/22 0:00,00:00.0,15986,28512,ABB1,80.71,16,4
73708419,SS00000000948,6/20/22 0:00,00:00.0,27900,26720,8ST1,33.52,3,4
73988835,C21654111-1,6/24/22 0:00,00:00.0,3,8667,MED12,-73.03,0,2
73494893,HIT5000003168,6/15/22 0:00,00:00.0,7051,7060,HIT5,24.39,1,4
73122998,HIT5000002963,6/6/22 0:00,00:00.0,7051,7059,HIT5,17.82,1,4
73986331,HIT5000003371,6/24/22 0:00,00:00.0,7051,328528,HIT5,60.13,3,4
73844096,21906338,6/22/22 0:00,00:00.0,782563,295289,COO10,69.95,1,2
74108628,HIT5000003398,6/28/22 0:00,00:00.0,7051,160910,HIT5,17.82,1,4
73424990,21624622,6/14/22 0:00,00:00.0,15986,28512,ABB1,41.9,1,4
73478326,FOR0000788021,6/15/22 0:00,00:00.0,15097,20,FOR16,194.86,1,2
72997494,LIGR000001809,6/2/22 0:00,00:00.0,260565,16004,LIG10,15.15,1,4
73241689,BEXN010585P,6/8/22 0:00,00:00.0,5,9899,PALLET,0,150,2
73328015,21552531,6/9/22 0:00,00:00.0,9,5608,EFF64,71,0,2
73235879,21502394,6/8/22 0:00,00:00.0,29235,7974,HAG1,304.12,1,2
74158888,900462437,6/28/22 0:00,00:00.0,459672,12005,UES2,261,1,2
73709308,SS00000000954,6/20/22 0:00,00:00.0,27900,32999,8ST1,19.72,3,4
73776917,2630838,6/22/22 0:00,00:00.0,5950,38897,8317,173.7,1,2
73024551,21378082,6/2/22 0:00,00:00.0,9,690634,PALLET,0,3,2
74064360,FOR0000788041,6/27/22 0:00,00:00.0,15097,38815,SAF12,84.3,1,2
74102692,HIT5000003394,6/28/22 0:00,00:00.0,7051,109683,HIT5,17.82,1,4
73145843,HIT5000002977,6/6/22 0:00,00:00.0,7051,780556,HIT5,58.05,9,4
73918813,HIT5000003343,6/23/22 0:00,00:00.0,7051,121025,HIT5,17.82,1,4
73204079,RVAP2384494-R,6/7/22 0:00,00:00.0,775980,11109,RAV3,0,1,4
73224161,21493346,6/8/22 0:00,00:00.0,3,11023,PRO84,66.65,1,2
74127261,LINS000010466,6/28/22 0:00,00:00.0,8290,8191,LIN24,13.15,1,4
73563659,21715839,6/16/22 0:00,00:00.0,1,2,PALLET,0,60,2
73693771,HIT5000003255,6/20/22 0:00,00:00.0,7051,7065,HIT5,17.82,1,4
73964796,JLGWA00003377,6/24/22 0:00,00:00.0,1093483,7701,JLG2,26.71,1,4
73387435,21592507,6/13/22 0:00,00:00.0,15169,157601,ASH6,14.35,1,4
73972553,104785035,6/27/22 0:00,00:00.0,15581,38897,8317,625.37,4,2
73907490,104765726,6/24/22 0:00,00:00.0,16179,38897,8317,781.71,5,2
73704830,21812028,6/21/22 0:00,00:00.0,11924,14493,SCBM,136.31,2,2
73570260,900448899,6/16/22 0:00,00:00.0,15692,6273,TIC2,280.04,1,2
73930141,21962819,6/24/22 0:00,00:00.0,15902,741,ALD7,64.4,1,2
74115458,22095476,6/28/22 0:00,00:00.0,3,13722,UNI39,395.44,70,2
73932779,HIT5000003349,6/23/22 0:00,00:00.0,7051,6016,HIT5,17.82,1,4
73827443,21892204,6/22/22 0:00,00:00.0,675,6606,GOO8,124.31,2,2
72979376,HIT5000002885,6/1/22 0:00,00:00.0,7051,1256853,HIT5,17.82,1,4
73257569,HIT5000003058,6/8/22 0:00,00:00.0,7051,82504,HIT5,17.82,1,4
74209900,HIT5000003435,6/29/22 0:00,00:00.0,7051,110967,HIT5,19.46,2,4
74252344,HIT5000003447,6/30/22 0:00,00:00.0,7051,215325,HIT5,17.82,1,4
73178781,HIT5000002989,6/7/22 0:00,00:00.0,7051,796414,HIT5,17.82,1,4
73044192,21392346,6/2/22 0:00,00:00.0,6544,47979,GHL1,74.67,3,4
73606150,FOR0000788023,6/17/22 0:00,00:00.0,15097,38815,SAF12,42.74,1,4
73479057,YMAQLD0484648,6/16/22 0:00,00:00.0,13161,14203,YAM6,678.84,5,2
74060726,HIT5000003384,6/27/22 0:00,00:00.0,7051,16664,HIT5,18.8,1,4
73038054,HIT5000002921,6/2/22 0:00,00:00.0,7051,8909,HIT5,18.55,1,4
73294163,CPBGB8E0001210-R,6/9/22 0:00,00:00.0,5,1050,COU12,12.44,1,4
73107079,CT900232385-0-0,6/4/22 0:00,00:00.0,28534,77521,021C,-214.95,-1,2
73915423,HIT5000003337,6/23/22 0:00,00:00.0,7051,109683,HIT5,17.82,1,4
73166253,900440210,6/6/22 0:00,00:00.0,547313,15584,JLG2,60.6,2,4
73448055,21642352,6/15/22 0:00,00:00.0,11193,10551,PGK1,26.39,1,4
73099649,900455694,6/3/22 0:00,00:00.0,103362,2480,BLU11,93.73,2,2
74037527,HIT5000003377,6/27/22 0:00,00:00.0,7051,6428,HIT5,17.82,1,4
73852182,FOR0000788033,6/22/22 0:00,00:00.0,15097,20,FOR24,172.59,1,2
73613319,21745041,6/20/22 0:00,00:00.0,81,82,021E,732.88,9,2
73729656,HIT5000003271,6/20/22 0:00,00:00.0,7051,7068,HIT5,17.82,1,4
73476844,21655512,6/15/22 0:00,00:00.0,15901,11824,ROW2,57.8,1,4
73490176,HIT5000003163,6/15/22 0:00,00:00.0,7051,7054,HIT5,18.18,1,4
73188509,ASH0000000224,6/7/22 0:00,00:00.0,1648,15169,ASH6,667.46,47,4
73980130,21996720,6/24/22 0:00,00:00.0,1092684,11924,SCBM,48.36,1,2
73611188,21743245,6/17/22 0:00,00:00.0,11050,11053,SAQA,132.02,1,2
73211680,HLTA000003794,6/7/22 0:00,00:00.0,7046,10,HIL11,115.35,2,2
74226288,900221760,6/29/22 0:00,00:00.0,119282,295289,COO10,78.63,1,2
73001061,21368189,6/1/22 0:00,00:00.0,9,1284045,523500,8.22,1,4
73303242,HIT5000003091,6/9/22 0:00,00:00.0,7051,160880,HIT5,17.82,1,4
73541295,HIT5000003190,6/16/22 0:00,00:00.0,7051,115759,HIT5,17.82,1,4
73494702,HIT5000003167,6/15/22 0:00,00:00.0,7051,779696,HIT5,17.82,1,4
73302853,HIT5000003089,6/9/22 0:00,00:00.0,7051,35997,HIT5,22.22,1,4
73980387,21997105,6/24/22 0:00,00:00.0,675,120,1307,12.12,1,2
73394920,21598567,6/14/22 0:00,00:00.0,9,10544,PALLET,0,10,2
73184977,HIT5000002999,6/7/22 0:00,00:00.0,7051,772909,HIT5,17.82,1,4
73071576,21404125,6/3/22 0:00,00:00.0,9,2497,BOC8,83.65,1,2
73942527,900178075,6/23/22 0:00,00:00.0,157527,15401,GIB3,397.29,1,2
73057358,900519263,6/2/22 0:00,00:00.0,15168,1186936,SCH28,198.78,1,2
73387530,21592545,6/13/22 0:00,00:00.0,15169,416998,ASH6,34.86,3,4
73616395,21747809,6/17/22 0:00,00:00.0,15986,28512,ABB1,37.69,4,4
74088231,900519260,6/27/22 0:00,00:00.0,15168,1186936,SCH28,1609.23,5,2
73147530,HIT5000002979,6/6/22 0:00,00:00.0,7051,7052,HIT5,17.82,1,4
73645057,JLGWA00003367,6/17/22 0:00,00:00.0,1093483,7710,JLG2,161.1,1,2
72985094,21358699,6/1/22 0:00,00:00.0,675,2137,BEA17,84.74,4,2
73205055,ANIB000293982-R,6/7/22 0:00,00:00.0,1,1411,ANI4,17.82,1,4
74000636,900448595,6/24/22 0:00,00:00.0,13146,6273,TIC2,367.25,2,2
74274513,900544518,6/30/22 0:00,00:00.0,658,659,7542,99.33,1,2
73888646,HIT5000003327,6/23/22 0:00,00:00.0,7051,8909,HIT5,24.33,1,4
73845525,LAGL000000281,6/22/22 0:00,00:00.0,86297,11824,ROW2,37.2,1,4
73609614,CMP0000000124,6/17/22 0:00,00:00.0,28403,11274,CLA16,1224.49,9,4
73431945,SS00000000940,6/14/22 0:00,00:00.0,27900,433511,8ST1,17.74,1,4
73294478,HIT5000003073,6/9/22 0:00,00:00.0,7051,23812,HIT5,31.02,3,4
73355017,HIT5000003124,6/10/22 0:00,00:00.0,7051,157726,HIT5,17.82,1,4
72996765,JLG0000004451,6/1/22 0:00,00:00.0,36612,7699,JLG2,21.5,1,4
73326191,21551248,6/10/22 0:00,00:00.0,1092684,11053,SBEVPUR,40.52,1,2
72991616,YMAQLD0414918,6/1/22 0:00,00:00.0,13161,14211,YAM9,65.62,1,2
73291558,SS00000000925,6/9/22 0:00,00:00.0,27900,501046,8ST1,35.76,2,4
73872730,C21317986-1,6/22/22 0:00,00:00.0,114109,13728,UPD1,36.23,0,4
73269198,900519778,6/8/22 0:00,00:00.0,15476,6273,TIC2,300.7,1,2
74244316,HIT5000003441,6/30/22 0:00,00:00.0,7051,7061,HIT5,17.82,2,4
74228959,22167289,6/30/22 0:00,00:00.0,10,771634,PIL1,21.55,1,4
74218368,DXP03001952,6/29/22 0:00,00:00.0,15943,476536,CRE8,42.09,12,4
73139562,SS00000000916,6/6/22 0:00,00:00.0,27900,33002,8ST1,24.16,1,4
74051970,SS00000000963,6/27/22 0:00,00:00.0,27900,31255,8ST1,15.17,1,4
73088834,HIT5000002945,6/3/22 0:00,00:00.0,7051,8909,HIT5,17.82,1,4
73017469,21373066,6/1/22 0:00,00:00.0,9,14038,GSL1,97.41,0,2
73629934,HLTA000003869,6/17/22 0:00,00:00.0,7039,7046,HIL11,66.79,1,2
73006039,104690969,6/2/22 0:00,00:00.0,675,676,8317,447.4,5,2
73286461,CPBZL5C3821203-R,6/9/22 0:00,00:00.0,5,1050,COU12,11.71,1,4
73546466,LAGL000000280,6/16/22 0:00,00:00.0,86297,11824,ROW2,15.94,1,4
73141861,HIT5000002975,6/6/22 0:00,00:00.0,7051,8911,HIT5,17.82,1,4
73315679,900560719,6/9/22 0:00,00:00.0,777643,132136,NOR17,455.22,1,2
73316335,900519046,6/9/22 0:00,00:00.0,26939,295289,COO10,249.3,3,2
73008709,21369766,6/1/22 0:00,00:00.0,1,4709,COU16,80.91,1,4
73721175,900544517,6/20/22 0:00,00:00.0,658,659,7542,396.55,3,2
73542003,B3M160622,6/16/22 0:00,00:00.0,1942,14654,B3M,67.17,1,2
74095124,22078318,6/28/22 0:00,00:00.0,9,5299,PALLET,0,5,2
73968672,21987896,6/24/22 0:00,00:00.0,9,15495,AQU16,21.41,9,4
73075196,21407178,6/3/22 0:00,00:00.0,16611,1051467,COO10,387.97,4,2
73909565,HIT5000003336,6/23/22 0:00,00:00.0,7051,7068,HIT5,17.82,1,4
73533649,21693385,6/16/22 0:00,00:00.0,9,10544,PALLET,0,13,2
73576068,SOMZ21552842-R,6/16/22 0:00,00:00.0,9,13039,SOM1,57.8,2,4
73280948,21526722,6/9/22 0:00,00:00.0,379429,13836,VNOPB,40.52,1,2
72973341,HIT5000002879,6/1/22 0:00,00:00.0,7051,1939,HIT5,17.82,1,4
73178391,HIT5000002988,6/7/22 0:00,00:00.0,7051,779696,HIT5,27.24,2,4
73023596,HIT5000002916,6/2/22 0:00,00:00.0,7051,246684,HIT5,20.46,1,4
74538714,AUS210DNF2022,6/30/22 0:00,00:00.0,29251,29251,AUS210,7758.68,0,4
73139332,SS00000000914,6/6/22 0:00,00:00.0,27900,31255,8ST1,13.83,1,4
73568633,HIT5000003204,6/16/22 0:00,00:00.0,7051,160558,HIT5,17.82,1,4
74040602,BEGR000000810,6/27/22 0:00,00:00.0,19764,49498,BET13,17.83,1,4
73757974,HIT5000003277,6/21/22 0:00,00:00.0,7051,1092538,HIT5,17.82,1,4
73165810,900363076,6/6/22 0:00,00:00.0,547314,38749,MOT6,131.5,1,2
73117980,HIT5000002958,6/6/22 0:00,00:00.0,7051,1092538,HIT5,41.8,6,4
73877988,900519779,6/22/22 0:00,00:00.0,15476,6273,TIC2,162.73,1,2
73188210,JLGI203981-1,6/7/22 0:00,00:00.0,9,7699,JLG2,41.92,1,4
73238024,HIT5000003038,6/8/22 0:00,00:00.0,7051,8893,HIT5,17.82,1,4
74279705,900560453,6/30/22 0:00,00:00.0,13144,6273,TIC2,1218.88,6,2
73920787,MYDL00057449-R,6/23/22 0:00,00:00.0,9,5938,MYD1,51.39,1,4
74138110,22113862,6/28/22 0:00,00:00.0,16119,16120,TRI18,15.77,1,4
73804859,HLTA000003896,6/21/22 0:00,00:00.0,7046,1,HIL11,215.61,1,2
73208266,HIT5000003022,6/7/22 0:00,00:00.0,7051,328,HIT5,17.82,1,4
73223095,21492869,6/8/22 0:00,00:00.0,3,15809,STY3,67.67,2,2
73242050,RLWM108697,6/8/22 0:00,00:00.0,5554,3068,REL7,11.35,1,4
73365935,21573030,6/14/22 0:00,00:00.0,15163,1648,ASH6,24.08,2,4
74268895,HIT5000003453,6/30/22 0:00,00:00.0,7051,773223,HIT5,17.82,1,4
73411398,HIT5000003132,6/14/22 0:00,00:00.0,7051,177257,HIT5,17.82,1,4
74120529,22100423,6/28/22 0:00,00:00.0,15005,295289,COO10,573.8,8,2
73383808,BEGR000000799,6/14/22 0:00,00:00.0,774979,791535,BET13,17.91,6,4
73141032,SS00000000921,6/6/22 0:00,00:00.0,27900,32999,8ST1,15.34,2,4
73631751,21758563,6/17/22 0:00,00:00.0,6544,158262,GHL1,15.51,2,4
73350841,21567788,6/10/22 0:00,00:00.0,6544,47979,GHL1,42.85,1,4
73849850,FOR0000788030,6/22/22 0:00,00:00.0,15097,38815,SAF12,438.16,1,2
74094796,COTL047275-1,6/28/22 0:00,00:00.0,9,886870,COT2,32.13,1,4
73332826,ASH0000000235,6/10/22 0:00,00:00.0,1648,26556,ASH6,14.97,1,4
73248471,21511982,6/8/22 0:00,00:00.0,6544,28562,GHL1,81.14,3,4
74103174,22084763,6/28/22 0:00,00:00.0,9,690634,PALLET,0,4,2
73978091,104784181,6/27/22 0:00,00:00.0,347828,38897,8317,1260.78,1,2
73682480,HIT5000003247,6/20/22 0:00,00:00.0,7051,7056,HIT5,17.82,1,4
73254277,21514652,6/8/22 0:00,00:00.0,1,8535,MAT7,12.43,1,4
74193210,22148884,6/29/22 0:00,00:00.0,675,5222,DRI7,1016.86,1,2
73780199,21864725,6/21/22 0:00,00:00.0,1647,1648,ASH6,259.98,1,2
73487884,SAST000000137,6/15/22 0:00,00:00.0,11837,11824,ROW2,20.34,1,4
74300078,22216694,6/30/22 0:00,00:00.0,9,12492,STA26,50.9,0,4
73056844,900466000,6/2/22 0:00,00:00.0,397951,15584,JLG2,102.7,1,2
72997001,RET62606859,6/2/22 0:00,00:00.0,494462,8212,LIN25,22.14,1,4
73967499,21987051,6/24/22 0:00,00:00.0,11726,11721,RIC3,1155.6,10,2
73638374,HIT5000003229,6/17/22 0:00,00:00.0,7051,182098,HIT5,17.82,1,4
74166082,22126174,6/29/22 0:00,00:00.0,10,1152112,EFF83,17.24,2,4
73822010,ARYL124295-R,6/22/22 0:00,00:00.0,10,27698,100300,0,2,2
73903845,FOR0000788036,6/23/22 0:00,00:00.0,15097,38815,SAF12,342.32,1,2
73034172,21385770,6/2/22 0:00,00:00.0,16119,16120,TRI18,23.36,1,4
73430497,21629383,6/14/22 0:00,00:00.0,5,8302,PALLET,0,15,2
73994586,HLTA000003931,6/24/22 0:00,00:00.0,7046,1,HIL11,237.41,1,2
73064428,LINS000010275,6/6/22 0:00,00:00.0,15535,8212,LIN22,36.03,3,4
73851050,FOR0000788031,6/22/22 0:00,00:00.0,15097,20,FOR24,294.43,1,2
74051760,SS00000000962,6/27/22 0:00,00:00.0,27900,102140,8ST1,15.34,1,4
72975697,HIT5000002882,6/1/22 0:00,00:00.0,7051,24599,HIT5,17.82,1,4
73907253,104790424,6/24/22 0:00,00:00.0,15581,38897,8317,671.73,4,2
73465083,900560721,6/14/22 0:00,00:00.0,777643,38092,NOR17,88.93,1,2
73486661,LUXC21663532,6/15/22 0:00,00:00.0,8448,37450,LUX1,163.55,1,2
73362695,900505716,6/10/22 0:00,00:00.0,2997,118989,BOC59,262.09,1,2
73482357,21659801,6/15/22 0:00,00:00.0,22,1050,COU12,38.85,1,4
74151291,HLTA000003970,6/28/22 0:00,00:00.0,7046,6,HIL11,64.4,1,2
73328125,ASH0000000234,6/10/22 0:00,00:00.0,1648,1647,ASH6,151.79,35,4
73200422,S9-9034866,6/8/22 0:00,00:00.0,675,676,8317,521.97,7,2
73827178,HIT5000003303,6/22/22 0:00,00:00.0,7051,773224,HIT5,28.59,2,4
73569271,LO601027992,6/16/22 0:00,00:00.0,773771,20,DUL12,288.2,2.5,2
73942305,900533039,6/23/22 0:00,00:00.0,2997,3022,EFF32,98.93,4,2
73116908,21429803,6/6/22 0:00,00:00.0,6,6,ROYA,83.95,0,2
73163356,AUST000622405,6/6/22 0:00,00:00.0,661130,661130,AUS206,19.83,6,4
73547667,21702187,6/16/22 0:00,00:00.0,774780,156034,SUL7,237.66,11,4
73580425,HIT5000003209,6/16/22 0:00,00:00.0,7051,110961,HIT5,17.82,1,4
73339955,2745605,6/14/22 0:00,00:00.0,5950,38897,8317,337.23,2,2
73414568,HIT5000003135,6/14/22 0:00,00:00.0,7051,36000,HIT5,17.82,1,4
73483932,21661245,6/15/22 0:00,00:00.0,9,690634,PALLET,0,2,2
73630717,104753565,6/20/22 0:00,00:00.0,688,689,8317,878.49,6,2
74192509,SS00000000972,6/29/22 0:00,00:00.0,27900,625481,8ST1,33.23,4,4
73320313,21547519,6/10/22 0:00,00:00.0,9,5299,PALLET,0,5,2
73683179,21792858,6/20/22 0:00,00:00.0,7494,7487,IMP14,948.45,3,4
73306701,900544510,6/9/22 0:00,00:00.0,658,659,7542,99.33,3,2
73627225,HIT5000003220,6/17/22 0:00,00:00.0,7051,7060,HIT5,18.47,1,4
74167391,22105054,6/29/22 0:00,00:00.0,10,4947,SCH52,65.93,1,2
74247626,LINS000010486,6/30/22 0:00,00:00.0,8290,8191,LIN24,25.92,1,4
73197540,JLGWA00003346,6/7/22 0:00,00:00.0,1093483,7701,JLG2,16.76,1,4
73235108,21501739,6/8/22 0:00,00:00.0,9,775053,MAC22,17,1,4
73263374,DXP2222370,6/8/22 0:00,00:00.0,15943,1230464,CRE8,32.29,1,4
72979685,21354227,6/1/22 0:00,00:00.0,9,38695,PALLET,0,82,2
73843774,21906210,6/22/22 0:00,00:00.0,1,1464,PALLET,0,200,2
74124112,22103394,6/28/22 0:00,00:00.0,10,771715,EFF87,65.69,0,2
73324233,CPAFXLC16160516-R,6/10/22 0:00,00:00.0,5,1050,COU12,12.15,1,4
74128106,HIT5000003400,6/28/22 0:00,00:00.0,7051,17602,HIT5,176.37,7,4
73996067,HLTA000003935,6/24/22 0:00,00:00.0,7046,3,HIL11,69.48,1,2
73781615,21865885,6/21/22 0:00,00:00.0,16119,16120,TRI18,18.01,1,4
73818848,21885402,6/21/22 0:00,00:00.0,10,771977,MAD5,603.52,120,2
74061616,FOR0000788039,6/27/22 0:00,00:00.0,15097,20,FOR24,217.52,1,2
73729043,HIT5000003269,6/20/22 0:00,00:00.0,7051,7070,HIT5,17.82,2,4
73804674,21877187,6/21/22 0:00,00:00.0,10,10059,PAC30,50.07,1,2
73364402,900456951,6/10/22 0:00,00:00.0,10,665,7559,556.43,3,2
73681353,HIT5000003243,6/20/22 0:00,00:00.0,7051,328,HIT5,19.71,2,4
73503289,HIT5000003171,6/15/22 0:00,00:00.0,7051,7971,HIT5,17.82,1,4
74190704,80148644,6/29/22 0:00,00:00.0,28534,17681,021C,111.5,1,2
73185561,YAMWA00005069,6/7/22 0:00,00:00.0,14203,14193,YAM7,301.79,3,2
73561941,CCFW42420919-1,6/16/22 0:00,00:00.0,245577,12189,SKE1,-68.51,0,2
73834704,21898329,6/22/22 0:00,00:00.0,755,12408,HVE1,99.69,1,2
73223078,21492808,6/8/22 0:00,00:00.0,3,6114,FDM1,237.62,4,2
73458862,HLTA000003835,6/14/22 0:00,00:00.0,7046,3,HIL11,122.53,2,2
73294819,900317783,6/9/22 0:00,00:00.0,15093,6273,TIC2,531.81,1,2
73443192,HIT5000003150,6/14/22 0:00,00:00.0,7051,792701,HIT5,17.82,1,4
73970825,21989510,6/24/22 0:00,00:00.0,11999,63462,SHA16,15.81,1,4
73020121,HIT5000002913,6/2/22 0:00,00:00.0,7051,93590,HIT5,32.83,1,4
73670995,21490922-R,6/20/22 0:00,00:00.0,5,1211717,THE62,49.25,1,4
73736032,900472851,6/20/22 0:00,00:00.0,471,472,4748,172.58,1,2
74195990,22151185,6/29/22 0:00,00:00.0,6544,904037,GHL1,35.51,1,4
73229245,21496850,6/8/22 0:00,00:00.0,3,6114,FDM1,132.15,1,2
73387945,HLTA000003833,6/13/22 0:00,00:00.0,7045,7046,HIL11,69.66,1,2
73814182,PRES210663-1,6/21/22 0:00,00:00.0,9,5299,EAS15,102.5,1,2
72995124,HIT5000002897,6/1/22 0:00,00:00.0,7051,773212,HIT5,19.62,1,4
73646788,HLTA000003873,6/17/22 0:00,00:00.0,7046,3,HIL11,72.01,4,2
74129393,20456911-R,6/28/22 0:00,00:00.0,1,15602,TRA31,48.67,1,4
73051865,HLTA000003755,6/2/22 0:00,00:00.0,7046,10,HIL11,76.8,1,2
73038763,HIT5000002922,6/2/22 0:00,00:00.0,7051,7057,HIT5,17.82,1,4
73234435,HIT5000003034,6/8/22 0:00,00:00.0,7051,12591,HIT5,17.82,1,4
73585863,HLTA000003859,6/16/22 0:00,00:00.0,7046,6,HIL11,64.4,4,2
73140571,SS00000000919,6/6/22 0:00,00:00.0,27900,1046858,8ST1,20.49,1,4
73612505,21744389,6/17/22 0:00,00:00.0,15901,11824,ROW2,17.94,1,4
74058292,C21673466-1,6/27/22 0:00,00:00.0,5,6435,GAR19,-49.6,0,2
73648980,900496137,6/17/22 0:00,00:00.0,16137,6273,TIC2,233.11,1,2
73979135,104801263,6/27/22 0:00,00:00.0,675,684,8317,921.96,17,2
73793838,21873146,6/22/22 0:00,00:00.0,1092684,31249,ARWA,87.69,3,2
74128299,104812134,6/29/22 0:00,00:00.0,2418,38897,8317,359.78,6,2
73471739,21651885,6/14/22 0:00,00:00.0,9,12492,STA26,50.9,0,4
74211472,C22024198-1,6/29/22 0:00,00:00.0,9,1695,AUS168,-44.51,0,4
73271772,21520349,6/9/22 0:00,00:00.0,9,5299,PALLET,0,5,2
74176022,JLG0000004482,6/29/22 0:00,00:00.0,36612,7699,JLG2,17.82,1,4
73631761,104753576,6/20/22 0:00,00:00.0,675,689,8317,1317.74,8,2
73417191,21617899,6/14/22 0:00,00:00.0,5,9899,PALLET,0,140,2
72967162,21345439,6/1/22 0:00,00:00.0,3,9563,LIN24,83.07,1,2
73179152,362681837,6/7/22 0:00,00:00.0,10,11390,REW4,58.37,2,2
74044652,HIT5000003380,6/27/22 0:00,00:00.0,7051,106641,HIT5,17.82,1,4
73585555,900499407,6/16/22 0:00,00:00.0,547619,775444,OPP3,88.33,1,2
73598645,21733535,6/17/22 0:00,00:00.0,10,775053,MAC22,24.96,4,4
73275946,21522893,6/9/22 0:00,00:00.0,379429,11053,NBERB,40.52,1,2
73414157,21615278,6/14/22 0:00,00:00.0,9746,11053,SBEVC,40.52,1,2
73716873,HIT5000003262,6/20/22 0:00,00:00.0,7051,7059,HIT5,17.82,1,4
73433577,21632079,6/14/22 0:00,00:00.0,5975,774939,EVE16,57.06,2,4
73279853,HIT5000003066,6/9/22 0:00,00:00.0,7051,9406,HIT5,22.59,2,4
73963934,21984234,6/24/22 0:00,00:00.0,28657,16264,JON8,29.36,1,4
73980406,21996934,6/24/22 0:00,00:00.0,20,6779,HAF2,71.49,1,2
73179903,MYDL00051841-R,6/7/22 0:00,00:00.0,10,5938,MYD1,0,2,4
74034428,22036168,6/24/22 0:00,00:00.0,10,12280,SOJ1,40,150,2
73459484,21646951,6/14/22 0:00,00:00.0,9,6643,GUA2,15.28,2,4
73276529,HIT5000003065,6/9/22 0:00,00:00.0,7051,1980,HIT5,17.82,2,4
73093912,ILSR20663145-R,6/3/22 0:00,00:00.0,10,7465,ILS3,192.6,1,2
73227168,21495388,6/8/22 0:00,00:00.0,3,5196,PALLET,0,330,2
74199918,HIT5000003422,6/29/22 0:00,00:00.0,7051,160910,HIT5,17.82,1,4
74127469,HIT5000003399,6/28/22 0:00,00:00.0,7051,110966,HIT5,20.46,1,4
73135023,21443672,6/6/22 0:00,00:00.0,10,44740,VIV1,18.07,2,4
74229538,22167436,6/29/22 0:00,00:00.0,9,640,739300,101.24,0,2
73996590,HLTA000003937,6/24/22 0:00,00:00.0,7046,6,HIL11,64.4,1,2
73554828,HIT5000003197,6/16/22 0:00,00:00.0,7051,17032,HIT5,17.82,1,4
74194533,104815332,6/29/22 0:00,00:00.0,675,684,8317,352.47,4,2
73165750,900462436,6/6/22 0:00,00:00.0,459672,12005,UES4,356.38,1,2
73168207,21461519,6/6/22 0:00,00:00.0,9,4947,DHL2,91.95,0,2
73097527,HLTA000003766,6/3/22 0:00,00:00.0,7046,3,HIL11,101.97,1,2
73534396,21564242-R,6/16/22 0:00,00:00.0,5,3068,CLE12,0,1,4
73979962,104798256,6/27/22 0:00,00:00.0,675,676,8317,671.1,7,2
73142342,HIT5000002976,6/6/22 0:00,00:00.0,7051,773223,HIT5,17.82,1,4
73118334,21431001,6/6/22 0:00,00:00.0,3,6114,FDM1,241.23,15,2
73906918,21948501,6/22/22 0:00,00:00.0,9,1179690,MEA5,115.75,0,2
73898899,21941272,6/23/22 0:00,00:00.0,15169,127328,ASH6,53.58,3,4
73236980,ASH0000000229,6/8/22 0:00,00:00.0,1648,808128,ASH6,18.12,4,4
73253668,HIT5000003054,6/8/22 0:00,00:00.0,7051,83213,HIT5,24.43,1,4
74191140,22146985,6/29/22 0:00,00:00.0,15986,28512,ABB1,138.32,8,4
73309936,HIT5000003096,6/9/22 0:00,00:00.0,7051,109550,HIT5,17.82,1,4
74030864,22033157,6/27/22 0:00,00:00.0,6,6,ROYA,116.8,0,2
74120960,22100799,6/29/22 0:00,00:00.0,288981,12616,STO17,33.51,1,4
73674594,KWAM100392-R,6/20/22 0:00,00:00.0,10,8092,KWA2,74.68,1,2
73167980,21461393,6/7/22 0:00,00:00.0,3,6114,FDM1,132.15,1,2
73422359,CAR0000000059,6/15/22 0:00,00:00.0,547673,2804,CAR37,34.08,1,4
73828727,21893026,6/22/22 0:00,00:00.0,15804,12301,WIS2,1292.09,2,2
73232522,ASH0000000226,6/8/22 0:00,00:00.0,1648,127328,ASH6,31.85,6,4
73904404,21946191,6/23/22 0:00,00:00.0,10880,777259,PLU4,69.85,10,4
73632356,HIT5000003227,6/17/22 0:00,00:00.0,7051,780556,HIT5,32.71,3,4
73943144,900089035,6/23/22 0:00,00:00.0,38474,161814,BAU2,149.28,1,2
73626239,21754616,6/17/22 0:00,00:00.0,6544,27983,GHL1,91.31,7,4
73083087,20075551-R,6/3/22 0:00,00:00.0,1,2655,BRU6,20.21,1,4
73681441,21791333,6/20/22 0:00,00:00.0,6,6,ROYA,116.8,0,2
72969109,21346081,6/1/22 0:00,00:00.0,547246,15328,RAP9,442.3,3,2
73245541,21509853,6/8/22 0:00,00:00.0,7398,7377,IDE4,46.51,4,4
73757511,21844435,6/21/22 0:00,00:00.0,26565,13604,TRI30,26.86,1,4
73621065,CPBJWPZ0316469-R,6/17/22 0:00,00:00.0,10,1050,COU12,13.04,2,4
74152213,HLTA000003971,6/28/22 0:00,00:00.0,7046,1,HIL11,64.4,3,2
74173343,22131976,6/29/22 0:00,00:00.0,15986,500369,ABB1,64.88,3,4
73058266,900356689,6/2/22 0:00,00:00.0,12623,15401,GIB3,257.17,1,2
73706341,CPBBGRZ11855405-R,6/20/22 0:00,00:00.0,10,1050,COU12,10.68,1,4
74194565,22149842,6/29/22 0:00,00:00.0,1,5793,PALLET,0,300,2
73312038,HLTA000003813,6/9/22 0:00,00:00.0,7046,20,HIL11,91.52,1,2
73634421,HIT5000003228,6/17/22 0:00,00:00.0,7051,9406,HIT5,30.66,3,4
73426672,YMAQLD0484592,6/15/22 0:00,00:00.0,13161,60,YAM5,1557.6,13,2
74259504,FOR0000788051,6/30/22 0:00,00:00.0,15097,20,FOR24,1140.19,3,2
73490988,YAMVIC0799907,6/15/22 0:00,00:00.0,14193,60,YAM5,303.09,8,2
73545210,21700075,6/16/22 0:00,00:00.0,26535,15553,SPI7,217.73,1,2
73865934,HIT5000003324,6/22/22 0:00,00:00.0,7051,74025,HIT5,67.24,12,4
73327745,21552376,6/9/22 0:00,00:00.0,9,20182,WAT30,83.16,0,2
73777990,21862841,6/21/22 0:00,00:00.0,15986,28512,ABB1,151.73,17,4
73898611,HIT5000003333,6/23/22 0:00,00:00.0,7051,18632,HIT5,17.82,1,4
72979862,HIT5000002886,6/1/22 0:00,00:00.0,7051,215325,HIT5,17.82,1,4
73131853,21441400,6/6/22 0:00,00:00.0,9,690634,COM65,141.23,50,2
73966025,21986009,6/24/22 0:00,00:00.0,379429,11053,SAQA,117.11,1,2
73049473,HIT5000002930,6/2/22 0:00,00:00.0,7051,8909,HIT5,17.82,1,4
73867918,21921513,6/22/22 0:00,00:00.0,13836,11053,SBEVB,42,1,2
73052202,20005796-R,6/2/22 0:00,00:00.0,1,15886,HEL6,24.14,1,4
73906667,21948297,6/22/22 0:00,00:00.0,9,9476,MYF34,102.22,0,2
73646630,HLTA000003872,6/17/22 0:00,00:00.0,7046,1,HIL11,237.15,2,2
73036501,JLG0000004455,6/2/22 0:00,00:00.0,36612,7699,JLG2,21.5,1,4
74208118,HIT5000003431,6/29/22 0:00,00:00.0,7051,1092538,HIT5,17.82,1,4
74243969,HIT5000003440,6/30/22 0:00,00:00.0,7051,1092538,HIT5,27.81,2,4
73052186,HLTA000003756,6/2/22 0:00,00:00.0,7046,20,HIL11,64.4,2,2
73322193,21350820-R,6/10/22 0:00,00:00.0,9,2418,BIL3,2400.43,4,2
73445800,EAS1520212022WK49,6/10/22 0:00,00:00.0,5299,5299,EAS15,80,0,2
73916302,21956128,6/24/22 0:00,00:00.0,1092684,11053,SBEVPUR,50.47,2,2
73542400,21698177,6/16/22 0:00,00:00.0,3,5196,PALLET,0,100,2
73936503,HLTA000003923,6/23/22 0:00,00:00.0,7046,3,HIL11,134.38,4,2
74184424,22141780,6/29/22 0:00,00:00.0,10,5,PALLET,0,15,2
73507358,21679711,6/15/22 0:00,00:00.0,359341,12985,TCB1,125.8,1,2
73184627,21473451,6/7/22 0:00,00:00.0,9746,11053,SBEVB,106.06,1,2
73968488,HIT5000003361,6/24/22 0:00,00:00.0,7051,1256853,HIT5,18.68,1,4
73008980,21369904,6/1/22 0:00,00:00.0,15169,157142,ASH6,22.88,2,4
73151622,HIT5000002982,6/6/22 0:00,00:00.0,7051,246455,HIT5,17.82,1,4
73866278,HIT5000003325,6/22/22 0:00,00:00.0,7051,110961,HIT5,26.62,4,4
73377043,FOR0000788019,6/13/22 0:00,00:00.0,15097,38815,SAF12,23.33,1,4
73630621,HIT5000003222,6/17/22 0:00,00:00.0,7051,38067,HIT5,22.52,1,4
73045301,21393503,6/2/22 0:00,00:00.0,16119,2105,TRI18,12.7,1,4
73997375,20413353-R,6/24/22 0:00,00:00.0,1,3223,COO13,0,1,4
73287759,21532741,6/9/22 0:00,00:00.0,7398,7377,IDE4,323.61,1,2
74095286,22078401,6/28/22 0:00,00:00.0,9,10544,PALLET,0,11,2
73387199,21592409,6/13/22 0:00,00:00.0,15169,808128,ASH6,30.89,2,4
73324257,21549970,6/10/22 0:00,00:00.0,26203,342974,BOC27,91.26,1,2
74035162,HIT5000003373,6/27/22 0:00,00:00.0,7051,23030,HIT5,17.82,1,4
74192542,HIT5000003419,6/29/22 0:00,00:00.0,7051,780556,HIT5,20.04,2,4
74256816,FOR0000788049,6/30/22 0:00,00:00.0,15097,38815,SAF12,491.36,1,2
73767385,HIT5000003282,6/21/22 0:00,00:00.0,7051,35997,HIT5,17.82,1,4
73051746,900560714,6/2/22 0:00,00:00.0,777643,38092,NOR17,351.28,6,2
73206038,HIT5000003016,6/7/22 0:00,00:00.0,7051,50755,HIT5,23.89,1,4
73420417,21620675,6/23/22 0:00,00:00.0,14644,13728,UPD1,64,3,4
73471203,21651813,6/15/22 0:00,00:00.0,9,10544,PALLET,0,15,2
73627156,HIT5000003219,6/17/22 0:00,00:00.0,7051,17602,HIT5,21,2,4
73163631,LO900994563,6/6/22 0:00,00:00.0,773771,20,DUL12,288.2,2.5,2
73706681,21813585,6/22/22 0:00,00:00.0,1647,1648,ASH6,13.2,1,4
73359687,HLTA000003826,6/10/22 0:00,00:00.0,7046,3,HIL11,69.48,1,2
74229322,22167375,6/30/22 0:00,00:00.0,9,10544,PALLET,0,15,2
74059132,HIT5000003381,6/27/22 0:00,00:00.0,7051,8909,HIT5,17.82,1,4
73245415,HIT5000003043,6/8/22 0:00,00:00.0,7051,971,HIT5,17.82,1,4
73262804,HLTA000003798,6/8/22 0:00,00:00.0,7046,1,HIL11,395.46,2,2
74153831,HLTA000003974,6/28/22 0:00,00:00.0,7046,20,HIL11,91.52,1,2
74152723,900519048,6/28/22 0:00,00:00.0,26939,295289,COO10,78.6,1,2
73213191,HLTA000003796,6/7/22 0:00,00:00.0,7045,7046,HIL11,69.97,1,2
72430735,900482025,6/3/22 0:00,00:00.0,38027,70,MUL7,235.02,2,2
74283483,HLTA000003992,6/30/22 0:00,00:00.0,7046,3,HIL11,72.96,2,2
73562434,RFI0000000001,6/17/22 0:00,00:00.0,15624,11658,RFI1,13.85,1,4
74243097,HIT5000003439,6/30/22 0:00,00:00.0,7051,9399,HIT5,17.82,1,4
73121012,21432853,6/3/22 0:00,00:00.0,9,500,520700,115.29,0,2
73167992,21461395,6/7/22 0:00,00:00.0,3,4236,COU14,13.32,1,4
73077440,80148393,6/3/22 0:00,00:00.0,28534,17681,021C,131.85,1,2
73489109,HIT5000003162,6/15/22 0:00,00:00.0,7051,513,HIT5,17.82,1,4
73463741,900560720,6/14/22 0:00,00:00.0,777643,9689,NOR17,194.77,1,2
74229547,22167441,6/29/22 0:00,00:00.0,9,16245,GGB1,112.04,0,2
73899112,21941435,6/23/22 0:00,00:00.0,15169,1647,ASH6,16.17,1,4
73686273,21795533,6/20/22 0:00,00:00.0,9,1042859,PALLET,0,300,2
73626505,21754865,6/17/22 0:00,00:00.0,6544,825454,GHL1,113.43,7,4
74260000,HIT5000003448,6/30/22 0:00,00:00.0,7051,23812,HIT5,17.82,1,4
73139099,SS00000000911,6/6/22 0:00,00:00.0,27900,26720,8ST1,28.05,2,4
73135114,21443753,6/6/22 0:00,00:00.0,675,775086,ITO1,79.74,1,2
74270240,HIT5000003456,6/30/22 0:00,00:00.0,7051,246238,HIT5,19.13,1,4
73578714,21726044,6/16/22 0:00,00:00.0,9,38846,WIL12,140.62,1,2
73065284,21399574,6/3/22 0:00,00:00.0,9,1042859,PALLET,0,300,2
73019138,BEGR000000787,6/2/22 0:00,00:00.0,774979,54779,BET13,25,4,4
73889399,HIT5000003329,6/23/22 0:00,00:00.0,7051,157726,HIT5,17.82,1,4
72938684,104690911,6/1/22 0:00,00:00.0,15379,38897,8317,169.69,1,2
73004573,HIT5000002907,6/1/22 0:00,00:00.0,7051,36000,HIT5,17.82,1,4
73495354,104751941,6/16/22 0:00,00:00.0,15379,38897,8317,469.03,3,2
73026851,21380051,6/2/22 0:00,00:00.0,3,6114,FDM1,184.23,4,2
73275505,21522578,6/9/22 0:00,00:00.0,9,14748,7530,306.65,1,4
73744506,21834175,6/21/22 0:00,00:00.0,3,2655,BRU6,85.8,1,2
73990483,TRU945853A,6/27/22 0:00,00:00.0,13613,13638,TRU36,388.86,2,2
73626871,HIT5000003218,6/17/22 0:00,00:00.0,7051,16714,HIT5,17.82,1,4
73826816,21891689,6/22/22 0:00,00:00.0,3201,295289,COO10,144.81,1,2
73753073,21840545,6/17/22 0:00,00:00.0,9,25862,903600,101.24,0,2
73431244,SS00000000936,6/14/22 0:00,00:00.0,27900,32999,8ST1,14.09,2,4
74267722,HIT5000003451,6/30/22 0:00,00:00.0,7051,39697,HIT5,20.46,2,4
74176581,22133995,6/29/22 0:00,00:00.0,9,38482,PALLET,0,90,2
73488164,21664356,6/15/22 0:00,00:00.0,3,16157,FLO13,130.47,1,2
73431563,HIT5000003138,6/14/22 0:00,00:00.0,7051,773224,HIT5,21.66,1,4
74195429,C20679246-1,6/29/22 0:00,00:00.0,10,6070,FAS14,-380.48,0,4
73471307,21651818,6/15/22 0:00,00:00.0,9,5299,PALLET,0,4,2
73028819,SMZ0000000724,6/3/22 0:00,00:00.0,509097,13039,SOM1,119.34,3,4
73524875,900448731,6/15/22 0:00,00:00.0,15473,6273,TIC2,162.73,1,2
73981300,MYDL00056328-R,6/24/22 0:00,00:00.0,3,5938,MYD1,97.97,1,4
74258722,22191081,6/30/22 0:00,00:00.0,1092684,11053,SBEVPUR,2099.18,26,2
72992873,HIT5000002894,6/1/22 0:00,00:00.0,7051,246686,HIT5,17.82,1,4
73506571,21679205,6/15/22 0:00,00:00.0,6544,874898,GHL1,30.36,2,4
73262025,C16538531-1,6/8/22 0:00,00:00.0,775980,206341,COU15,308.46,0,4
73507402,104751938,6/16/22 0:00,00:00.0,2418,38897,8317,239.85,4,2
73202806,HIT5000003007,6/7/22 0:00,00:00.0,7051,40661,HIT5,78.33,7,4
73966757,21986629,6/24/22 0:00,00:00.0,9,690634,PALLET,0,6,2
72987854,HIT5000002893,6/1/22 0:00,00:00.0,7051,513,HIT5,17.82,1,4
73631180,HIT5000003226,6/17/22 0:00,00:00.0,7051,773212,HIT5,17.82,1,4
74100296,7BEX00035042P,6/28/22 0:00,00:00.0,5,8302,LIO2,179.58,30,2
74245398,22179932,6/30/22 0:00,00:00.0,10,2537,BRA18,13.66,1,4
73355477,HIT5000003125,6/10/22 0:00,00:00.0,7051,773223,HIT5,17.82,1,4
73139559,MYDL00051551-R,6/6/22 0:00,00:00.0,10,5938,MYD1,17.82,1,4
73948000,21971338,6/24/22 0:00,00:00.0,5,1050,COU12,40.49,1,4
73022203,CBEGR000000254-1,6/2/22 0:00,00:00.0,39706,133107,BET13,2607.35,0,4
73194807,21481368,6/8/22 0:00,00:00.0,3186,781827,THE69,1600.42,8,4
73910270,21951445,6/23/22 0:00,00:00.0,6544,157799,GHL1,19.39,1,4
73271773,21520350,6/8/22 0:00,00:00.0,9,1179690,MEA5,93.75,0,2
73339649,21561131,6/10/22 0:00,00:00.0,10,775053,MAC22,43.59,9,4
74102931,HIT5000003395,6/28/22 0:00,00:00.0,7051,780556,HIT5,38.2,5,4
73751990,21839801,6/20/22 0:00,00:00.0,9,25862,903600,101.24,0,2
73001206,20748451-R,6/1/22 0:00,00:00.0,1,1093021,FEL4,0,1,2
73551099,21704995,6/16/22 0:00,00:00.0,15552,15553,SPI7,153.84,1,2
73172388,CBSF000003672-R,6/7/22 0:00,00:00.0,9,2967,CBS1,0,1,2
73586066,HLTA000003860,6/16/22 0:00,00:00.0,7046,1,HIL11,395.46,2,2
73629514,21756766,6/17/22 0:00,00:00.0,20,72,ILS2,64.4,1,2
74054307,22054032,6/24/22 0:00,00:00.0,9,500,520700,115.29,0,2
73677333,HIT5000003234,6/20/22 0:00,00:00.0,7051,7052,HIT5,17.82,1,4
73275039,21522134,6/9/22 0:00,00:00.0,15901,11824,ROW2,57.8,1,4
73539302,KNHV15854,6/16/22 0:00,00:00.0,7867,773969,KUE35,48.39,5,4
73954042,C900560536-1,6/24/22 0:00,00:00.0,15168,1186936,SCH28,-0.01,0,2
73298801,21540506,6/9/22 0:00,00:00.0,781709,5,ast5,138.53,1,2
73942963,900519864,6/23/22 0:00,00:00.0,771648,6273,TIC2,236.26,1,2
73418372,21618810,6/14/22 0:00,00:00.0,379429,11053,ADPALLET,262.09,1,2
73179837,21469623,6/7/22 0:00,00:00.0,547648,8812,MON17,159.31,1,2
73833869,21897486,6/22/22 0:00,00:00.0,9,14659,PALLET,0,300,2
74131218,22108798,6/28/22 0:00,00:00.0,16119,16120,TRI18,27.38,2,4
73896385,21938961,6/23/22 0:00,00:00.0,15902,736,MIL24,13.76,1,4
74193717,HIT5000003421,6/29/22 0:00,00:00.0,7051,121025,HIT5,17.82,1,4
73600439,21735300,6/17/22 0:00,00:00.0,10,775053,MAC22,18.94,2,4
73092836,HIT5000002952,6/3/22 0:00,00:00.0,7051,50226,HIT5,47.82,2,4
74126185,HLTA000003959,6/28/22 0:00,00:00.0,7046,7039,HIL11,113.48,1,2
73908778,21950204,6/23/22 0:00,00:00.0,6544,8127,GHL1,54.28,2,4
73622228,300863101,6/17/22 0:00,00:00.0,1256201,11743,ROA8,16.36,1,4
74249429,SAST000000139,6/30/22 0:00,00:00.0,11837,11824,ROW2,20.34,1,4
74254914,22188037,6/30/22 0:00,00:00.0,11050,11053,SBEVB,725.62,2,2
73478905,SMZ0000000726,6/15/22 0:00,00:00.0,322524,13039,SOM1,123.68,3,4
73203584,900544509,6/7/22 0:00,00:00.0,658,659,7542,530.28,3,2
73619541,21749842,6/17/22 0:00,00:00.0,15949,254693,MAV1,164.01,4,2
73433861,21463376-R,6/14/22 0:00,00:00.0,9,10944,PRE31,0,1,4
74240500,YMAQLD0485111,6/30/22 0:00,00:00.0,13161,14203,YAM6,295.91,2,2
73389680,21594059,6/14/22 0:00,00:00.0,3210,1051467,COO10,481.39,3,2
74214046,CT21948297-0-0,6/29/22 0:00,00:00.0,9,9476,tms88,-87.97,0,2
74206136,HIT5000003427,6/29/22 0:00,00:00.0,7051,23812,HIT5,33.13,3,4
73045892,HIT5000002926,6/2/22 0:00,00:00.0,7051,246685,HIT5,27.05,2,4
73844723,21906928,6/22/22 0:00,00:00.0,20,787239,AXI10,410.78,4,2
73814834,900386672,6/27/22 0:00,00:00.0,26183,39186,DIX2,747.13,1,2
73019460,BEGR000000790,6/2/22 0:00,00:00.0,774979,1228147,BET13,16.74,3,4
74300270,22216886,6/30/22 0:00,00:00.0,9,774,ALL68,108.38,0,2
73964723,HIT5000003357,6/24/22 0:00,00:00.0,7051,2803,HIT5,17.82,1,4
74255261,22188305,6/30/22 0:00,00:00.0,7398,7377,IDE4,215.73,1,2
73455411,HIT5000003157,6/14/22 0:00,00:00.0,7051,328,HIT5,17.82,1,4
73670801,21782891,6/20/22 0:00,00:00.0,9,6114,PALLET,0,6,2
73264841,900374883,6/8/22 0:00,00:00.0,547072,772349,CAN15,88.43,1,2
74189676,EAS1520212022WK52,6/29/22 0:00,00:00.0,5299,5299,EAS15,80,0,2
74051494,SS00000000961,6/27/22 0:00,00:00.0,27900,501046,8ST1,23.68,1,4
73333611,ASP0000000499,6/10/22 0:00,00:00.0,547658,1619,ASP4,26.83,1,4
73034504,BEGR000000791,6/2/22 0:00,00:00.0,774979,791535,BET13,28.03,3,4
73291637,SS00000000926,6/9/22 0:00,00:00.0,27900,421162,8ST1,15.1,1,4
73098928,21190292-R,6/3/22 0:00,00:00.0,1,1211717,THE62,16.21,1,4
73892689,HIT5000003330,6/23/22 0:00,00:00.0,7051,1109202,HIT5,17.82,1,4
73128724,21438812,6/6/22 0:00,00:00.0,15166,57276,SCH32,89.38,1,2
73093342,HIT5000002955,6/3/22 0:00,00:00.0,7051,18632,HIT5,17.82,1,4
73674398,21348227-R,6/20/22 0:00,00:00.0,10,225987,BRI26,249.96,1,2
73641113,JLGWA00003366,6/17/22 0:00,00:00.0,1093483,36612,JLG2,19.18,1,4
73017813,HIT5000002910,6/2/22 0:00,00:00.0,17602,7051,HIT5,22.33,1,4
73569871,HLTA000003857,6/16/22 0:00,00:00.0,7039,7046,HIL11,128.22,2,2
73413454,21614455,6/14/22 0:00,00:00.0,10,12280,SOJ1,40,150,2
74243733,SYD0000000845,6/30/22 0:00,00:00.0,145723,4916,SYD13,61.89,1,4
74020720,22024236,6/27/22 0:00,00:00.0,9,10544,PALLET,0,11,2
73645731,21763981,6/20/22 0:00,00:00.0,11174,15005,REV17,1165.88,5,2
73097622,HLTA000003767,6/3/22 0:00,00:00.0,7046,10,HIL11,65.66,1,2
74216550,HLTA000003976,6/29/22 0:00,00:00.0,7046,1,HIL11,406.54,3,2
73678781,HIT5000003240,6/20/22 0:00,00:00.0,7051,513,HIT5,17.82,1,4
73697414,900144093,6/20/22 0:00,00:00.0,3227,295289,COO10,173.79,2,2
73059988,900519235,6/2/22 0:00,00:00.0,38450,38451,PAL5,117.4,1,2
73265546,900434809,6/8/22 0:00,00:00.0,15464,6273,TIC2,195.63,1,2
73784862,21868385,6/22/22 0:00,00:00.0,1092684,11053,SUN22,49.3,2,2
73257613,900544513,6/8/22 0:00,00:00.0,658,659,7542,127.66,1,2
73805110,900560724,6/21/22 0:00,00:00.0,777643,9689,NOR17,176.52,2,2
73710453,21816339,6/20/22 0:00,00:00.0,1092684,11053,SUN22,248.74,1,2
73282055,BLAN0000000666-R,6/9/22 0:00,00:00.0,3,15341,BLA30,0,1,4
74158702,900459908,6/28/22 0:00,00:00.0,839063,13305,8395,1510.47,1,2
73253917,HLTA000003797,6/8/22 0:00,00:00.0,7039,7046,HIL11,66.79,1,2
73323960,C19876130-1,6/10/22 0:00,00:00.0,547319,8298,LIN33,3171.37,0,4
74258554,FOR0000788050,6/30/22 0:00,00:00.0,15097,20,FOR24,983.19,4,2
73170520,21462257,6/7/22 0:00,00:00.0,778977,778976,AUS158,60.67,2,4
72986912,SS00000000908,6/1/22 0:00,00:00.0,27900,32999,8ST1,15.02,2,4
72988473,IFS604996,6/1/22 0:00,00:00.0,446,28339,419400,55.5,1,4
73049743,HIT5000002931,6/2/22 0:00,00:00.0,7051,8906,HIT5,17.82,1,4
74138630,HIT5000003405,6/28/22 0:00,00:00.0,7051,237281,HIT5,25.67,3,4
73977816,21994956,6/24/22 0:00,00:00.0,6544,28540,GHL1,48.87,11,4
73785183,HIT5000003291,6/21/22 0:00,00:00.0,7051,35044,HIT5,22.94,1,4
73758973,21845434,6/21/22 0:00,00:00.0,15005,295289,COO10,709.96,8,2
73203639,HIT5000003009,6/7/22 0:00,00:00.0,7051,182098,HIT5,17.82,1,4
73472622,21652557,6/14/22 0:00,00:00.0,9,1092623,ELI20,86.07,0,2
73296378,HIT5000003078,6/9/22 0:00,00:00.0,7051,80891,HIT5,17.82,1,4
72877593,SMZ0000000721,6/2/22 0:00,00:00.0,287765,13039,SOM1,57.13,1,4
73524203,900519636,6/15/22 0:00,00:00.0,15464,6273,TIC2,125.93,1,2
73752793,21840285,6/17/22 0:00,00:00.0,9,12492,STA26,50.9,0,4
73075942,21407738,6/3/22 0:00,00:00.0,7398,7377,IDE4,322.95,1,2
73651644,900544515,6/17/22 0:00,00:00.0,658,659,7542,174.14,2,2
72994216,RET62540607,6/2/22 0:00,00:00.0,547708,8212,LIN25,46.38,1,4
73787935,21870253,6/22/22 0:00,00:00.0,15902,763,ALD7,64.4,1,2
73697717,BEXN010868P,6/20/22 0:00,00:00.0,5,12280,SOJ1,40,90,2
74203602,CT120000008-1,6/29/22 0:00,00:00.0,626016,626017,TWO1,-5856.56,0,2
73301554,21541605,6/9/22 0:00,00:00.0,10,6861,HAI6,85.8,1,2
73014657,21371842,6/2/22 0:00,00:00.0,20,13995,PALLET,0,2,2
73956719,21978096,6/24/22 0:00,00:00.0,5,2119,BAY11,114.92,5,2
73936956,HLTA000003924,6/23/22 0:00,00:00.0,7046,10,HIL11,64.4,3,2
73033568,21385353,6/2/22 0:00,00:00.0,16255,15877,PBA4,65.88,3,4
73642452,WILB000002611,6/17/22 0:00,00:00.0,13988,13992,WIL21,921.37,10,4
73916684,HIT5000003339,6/23/22 0:00,00:00.0,7051,7073,HIT5,17.82,1,4
73908619,21950053,6/23/22 0:00,00:00.0,6544,83320,GHL1,40.97,1,4
73250002,HIT5000003049,6/8/22 0:00,00:00.0,7051,215325,HIT5,17.82,1,4
73286720,IFS605011,6/9/22 0:00,00:00.0,446,28339,419400,353.7,1,2
73140588,BAC0000013347-R,6/6/22 0:00,00:00.0,10,132,200000,31.02,3,4
73853895,HIT5000003318,6/22/22 0:00,00:00.0,7051,7059,HIT5,17.82,1,4
72987756,HIT5000002892,6/1/22 0:00,00:00.0,7051,8906,HIT5,17.82,1,4
73498535,21673466,6/15/22 0:00,00:00.0,5,6435,GAR19,69.89,3,2
73601828,21735718,6/17/22 0:00,00:00.0,15793,3225,COO10,350.77,2,2
73258687,21516662,6/8/22 0:00,00:00.0,675,6606,GOO8,62.16,1,2
73873294,HLTA000003907,6/22/22 0:00,00:00.0,7046,6,HIL11,64.4,2,2
73612047,21744045,6/17/22 0:00,00:00.0,763,15902,ALD6,238.64,2,2
73113587,21427388,6/6/22 0:00,00:00.0,3,7084,KUE35,85.8,3,2
73065665,21400374,6/3/22 0:00,00:00.0,3,6114,FDM1,277.78,8,2
73120894,HIT5000002962,6/6/22 0:00,00:00.0,7051,7054,HIT5,24.09,2,4
73757473,HIT5000003275,6/21/22 0:00,00:00.0,7051,115,HIT5,17.82,1,4
73068131,21401645,6/3/22 0:00,00:00.0,255,5953,309102,200.69,1,2
73513355,HIT5000003183,6/15/22 0:00,00:00.0,7051,246634,HIT5,22.56,1,4
74279687,HIT5000003460,6/30/22 0:00,00:00.0,7051,157726,HIT5,17.82,1,4
74538213,AUS208DNF2022,6/30/22 0:00,00:00.0,38472,38472,AUS208,400.81,0,4
73505185,HIT5000003174,6/15/22 0:00,00:00.0,7051,2071,HIT5,17.82,1,4
73857760,21916843,6/22/22 0:00,00:00.0,1,12754,SUN32,29.67,1,4
73512965,900519257,6/15/22 0:00,00:00.0,15168,1186936,SCH28,1544.01,6,2
73727184,HIT5000003268,6/20/22 0:00,00:00.0,7051,7067,HIT5,17.82,1,4
73996364,HLTA000003936,6/24/22 0:00,00:00.0,7046,3,HIL11,64.4,1,2
73674557,21300715-R,6/20/22 0:00,00:00.0,10,4802,CYG1,236.94,1,2
74282349,900461990,6/30/22 0:00,00:00.0,6015,6016,FAS10,60.15,1,4
73509907,MYDL00053784-R,6/16/22 0:00,00:00.0,775219,21,MYD1,65.45,1,4
72987562,HIT5000002891,6/1/22 0:00,00:00.0,7051,313,HIT5,17.82,2,4
72989752,BUS63246R,6/3/22 0:00,00:00.0,201662,14853,BUS9,114.44,2,4
73358843,HLTA000003822,6/10/22 0:00,00:00.0,7045,7046,HIL11,69.04,1,2
73839572,80148552,6/22/22 0:00,00:00.0,28534,17681,021C,388.24,4,2
73200995,104722276,6/8/22 0:00,00:00.0,675,684,8317,440.59,4,2
73940545,900560610,6/23/22 0:00,00:00.0,15480,6273,TIC2,320.34,2,2
73193897,HIT5000003005,6/7/22 0:00,00:00.0,7051,116354,HIT5,17.82,1,4
74170846,JLG0000004481,6/29/22 0:00,00:00.0,36612,7710,JLG2,34.63,1,4
73057730,900488769,6/2/22 0:00,00:00.0,3071,315,3945,259.51,1,2
73629271,C19458451-R-1,6/17/22 0:00,00:00.0,1,5869,ENV15,-15.94,0,4
73221833,21492382,6/8/22 0:00,00:00.0,9,10544,PALLET,0,12,2
74245466,22038999-R,6/30/22 0:00,00:00.0,10,2655,BRU6,49.14,1,4
73708817,SS00000000950,6/20/22 0:00,00:00.0,27900,32997,8ST1,26.02,2,4
73244322,ASH0000000232,6/8/22 0:00,00:00.0,1648,157601,ASH6,13.2,1,4
73323418,900489830,6/10/22 0:00,00:00.0,204358,27467,TMS105,81.25,1,2
73639571,HIT5000003231,6/17/22 0:00,00:00.0,7051,18632,HIT5,17.82,1,4
73050007,HIT5000002932,6/2/22 0:00,00:00.0,7051,56342,HIT5,21.09,2,4
73841017,21903786,6/22/22 0:00,00:00.0,15166,57276,SCH32,82.8,1,2
73008916,21369890,6/1/22 0:00,00:00.0,15169,127328,ASH6,39.68,2,4
73227562,21495695,6/8/22 0:00,00:00.0,15793,295289,COO10,84.75,2,2
73977128,HIT5000003364,6/24/22 0:00,00:00.0,7051,106360,HIT5,52.71,2,4
74117260,FSTN209403-R,6/28/22 0:00,00:00.0,1,899980,FAS13,29.02,1,4
73809561,900545117,6/21/22 0:00,00:00.0,38453,38451,PAL5,97.45,1,2
73891401,JLG0000004476,6/23/22 0:00,00:00.0,36610,7699,JLG2,25.89,1,4
73851371,21912264,6/22/22 0:00,00:00.0,15901,11824,ROW2,22.72,1,4
74184216,22141011,6/29/22 0:00,00:00.0,9,5299,PALLET,0,5,2
74238149,22174661,6/29/22 0:00,00:00.0,10,12280,SOJ1,46.84,30,2
73051485,HLTA000003753,6/2/22 0:00,00:00.0,7046,3,HIL11,122.53,2,2
73520259,DXP2224865,6/15/22 0:00,00:00.0,15943,7119,CRE8,15.25,2,4
74142288,900519261,6/28/22 0:00,00:00.0,15168,1186936,SCH28,874.45,4,2
74217173,HLTA000003979,6/29/22 0:00,00:00.0,7046,20,HIL11,91.52,1,2
73253058,HIT5000003052,6/8/22 0:00,00:00.0,7051,7055,HIT5,23.5,1,4
73521554,21686591,6/15/22 0:00,00:00.0,1,4709,COU16,17.19,1,4
73221423,21492204,6/8/22 0:00,00:00.0,3,6808,HAI2,89.26,1,2
73342017,21562501,6/10/22 0:00,00:00.0,7398,7377,IDE4,21.44,1,4
73839083,21902136,6/22/22 0:00,00:00.0,4922,4886,DEL15,120.67,1,2
73263284,HLTA000003800,6/8/22 0:00,00:00.0,7046,10,HIL11,115.35,2,2
74245075,22179806,6/30/22 0:00,00:00.0,12894,100640,SUP47,81.96,2,4
73177777,ASH0000000222,6/7/22 0:00,00:00.0,1648,65046,ASH6,165.13,29,4
73229340,HIT5000003029,6/8/22 0:00,00:00.0,7051,110964,HIT5,17.82,1,4
72942959,104686813,6/1/22 0:00,00:00.0,2418,38897,8317,175.73,3,2
73281567,21527285,6/9/22 0:00,00:00.0,9,690634,PALLET,0,2,2
73841166,HIT5000003309,6/22/22 0:00,00:00.0,7051,7053,HIT5,17.82,1,4
73542298,21698013,6/16/22 0:00,00:00.0,1092684,11924,SCBM,84.8,1,2
74271301,900559002,6/30/22 0:00,00:00.0,15692,6273,TIC2,153.97,1,2
73758386,21845178,6/21/22 0:00,00:00.0,12494,43,SSW1,64.4,1,2
73009679,900519255,6/1/22 0:00,00:00.0,15168,1186936,SCH28,1110.85,4,2
74195871,C20767651-1,6/29/22 0:00,00:00.0,10,6070,FAS14,-651.46,0,4
73002874,HLTA000003738,6/1/22 0:00,00:00.0,7039,7046,HIL11,117.14,2,2
73363847,SFLD118896-1-R,6/10/22 0:00,00:00.0,1,15154,WFD1,0,2,2
73963741,RVAP2396443-R,6/24/22 0:00,00:00.0,10,11109,RAV3,54.26,1,4
73102597,900496136,6/3/22 0:00,00:00.0,16137,6273,TIC2,300.35,1,2
73957140,21978373,6/24/22 0:00,00:00.0,22,11390,REW4,22.5,1,4
74020648,22024198,6/23/22 0:00,00:00.0,9,1695,AUS168,44.51,0,4
73113588,21427389,6/6/22 0:00,00:00.0,9,10544,PALLET,0,13,2
73871769,HLTA000003906,6/22/22 0:00,00:00.0,7045,7046,HIL11,69.04,1,2
73141125,HIT5000002974,6/6/22 0:00,00:00.0,7051,7077,HIT5,23.89,1,4
74288615,900057075,6/30/22 0:00,00:00.0,547209,8869,INS10,314.47,1,2
73942948,900519862,6/23/22 0:00,00:00.0,771648,6273,TIC2,346.59,1,2
73564474,HIT5000003198,6/16/22 0:00,00:00.0,7051,6016,HIT5,18.8,1,4
73848839,21910291,6/22/22 0:00,00:00.0,6544,88727,GHL1,40.39,1,4
73716315,21820779,6/20/22 0:00,00:00.0,6544,874898,GHL1,13.77,1,4
73531155,900470442,6/15/22 0:00,00:00.0,5547,23541,GWS1,23.59,1,4
73978806,HIT5000003367,6/24/22 0:00,00:00.0,7051,110966,HIT5,17.82,1,4
74273262,HIT5000003457,6/30/22 0:00,00:00.0,7051,110966,HIT5,24.68,2,4
73684428,21793933,6/20/22 0:00,00:00.0,755,12408,SOU59,970.34,10,2
73709042,SS00000000952,6/20/22 0:00,00:00.0,27900,1046858,8ST1,22.27,1,4
73017575,21373132,6/1/22 0:00,00:00.0,9,14853,BUS9,86.07,0,2
73600433,21734727,6/17/22 0:00,00:00.0,10,6070,FAS14,339,2,4
73606152,21739403,6/17/22 0:00,00:00.0,15986,500369,ABB1,51.36,3,4
72967573,YAMVIC0799766,6/1/22 0:00,00:00.0,14193,60,YAM5,62.85,1,2
73494526,21670188,6/16/22 0:00,00:00.0,46507,4947,SCH40,65.93,1,2
73954436,21976483,6/24/22 0:00,00:00.0,1092684,11924,SCBM,80.05,1,2
73141455,TRU942539,6/6/22 0:00,00:00.0,776287,13613,TRU33,22.47,3,4
73269131,900560608,6/8/22 0:00,00:00.0,15480,6273,TIC2,647.37,3,2
73162252,HLTA000003781,6/6/22 0:00,00:00.0,7046,10,HIL11,168.62,3,2
73724619,HIT5000003264,6/20/22 0:00,00:00.0,7051,773830,HIT5,21.19,1,4
74195717,C20740565-1,6/29/22 0:00,00:00.0,10,6070,FAS14,-267.8,0,4
73171189,21462738,6/6/22 0:00,00:00.0,10,12280,SOJ1,40,120,2
73284715,LAGL000000276,6/9/22 0:00,00:00.0,86297,11824,ROW2,156.41,2,4
73872886,21923511,6/22/22 0:00,00:00.0,15163,15169,ASH6,51.43,3,4
73250166,GAR0000005456,6/8/22 0:00,00:00.0,6418,771613,GAR15,21.85,1,4
73311843,HLTA000003810,6/9/22 0:00,00:00.0,7046,1,HIL11,215.61,1,2
74269251,22199294,6/30/22 0:00,00:00.0,6544,88727,GHL1,78.61,2,4
73541201,HIT5000003189,6/16/22 0:00,00:00.0,7051,157726,HIT5,17.82,1,4
74245433,FOR0000788044,6/30/22 0:00,00:00.0,15097,38815,SAF12,84.3,1,2
73447609,900515112,6/14/22 0:00,00:00.0,545701,16157,FLO13,38.05,1,2
73140967,80148418,6/6/22 0:00,00:00.0,28534,17681,021C,131.25,1,2
73346776,MYDL00053321-R,6/10/22 0:00,00:00.0,775975,5938,MYD1,174.54,3,4
73579035,HIT5000003208,6/16/22 0:00,00:00.0,7051,8911,HIT5,17.82,1,4
73491868,HIT5000003165,6/15/22 0:00,00:00.0,7051,16714,HIT5,17.82,1,4
74020689,22024223,6/23/22 0:00,00:00.0,9,1179690,MEA5,115.75,0,2
72979053,21353810,6/1/22 0:00,00:00.0,1092684,11050,QROCC,145.06,2,2
73794385,900519258,6/21/22 0:00,00:00.0,15168,1186936,SCH28,1715.53,6,2
73119725,21432175,6/6/22 0:00,00:00.0,2484,99741,BOC13,257.85,1,2
73232124,ASH0000000225,6/8/22 0:00,00:00.0,1648,416998,ASH6,213.23,44,4
73971120,21768251-R,6/24/22 0:00,00:00.0,10,1211717,THE62,57.47,1,4
73178228,21166042-R,6/7/22 0:00,00:00.0,9,38685,EVE17,0,1,4
73681657,HIT5000003244,6/20/22 0:00,00:00.0,7051,7053,HIT5,17.82,1,4
73715186,HIT5000003260,6/20/22 0:00,00:00.0,7051,7077,HIT5,58.59,7,4
73576408,HIT5000003205,6/16/22 0:00,00:00.0,7051,7057,HIT5,17.82,1,4
74084967,22073047,6/27/22 0:00,00:00.0,775975,9,PALLET,0,15,2
74043193,104799194,6/27/22 0:00,00:00.0,675,676,8317,203.37,2,2
73296886,HIT5000003080,6/9/22 0:00,00:00.0,7051,7059,HIT5,17.82,1,4
73002444,HIT5000002904,6/1/22 0:00,00:00.0,7051,8909,HIT5,21.44,2,4
73190344,GAZN009724,6/7/22 0:00,00:00.0,9,2486,GAZ2,67.58,6,2
73471606,21651874,6/14/22 0:00,00:00.0,9,1179690,MEA5,115.75,0,2
73980179,21996763,6/24/22 0:00,00:00.0,6544,15639,GHL1,41.27,2,4
73627962,HIT5000003221,6/17/22 0:00,00:00.0,7051,8909,HIT5,25.48,2,4
73168167,21461507,6/6/22 0:00,00:00.0,9,8898,MUD1,44.51,0,4
73508175,HIT5000003179,6/15/22 0:00,00:00.0,7051,7059,HIT5,17.82,1,4
73317670,900468556,6/9/22 0:00,00:00.0,547731,92549,MUL27,95.05,1,2
73301083,21541835,6/10/22 0:00,00:00.0,10880,811256,PLU4,37.43,2,4
73906590,21948225,6/23/22 0:00,00:00.0,157548,157601,ASH6,164.19,1,2
73291724,SS00000000927,6/9/22 0:00,00:00.0,27900,46447,8ST1,36.37,2,4
73240520,HIT5000003039,6/8/22 0:00,00:00.0,7051,48303,HIT5,17.87,1,4
73646272,HLTA000003871,6/17/22 0:00,00:00.0,7046,45949,HIL11,64.4,3,2
72973695,HIT5000002880,6/1/22 0:00,00:00.0,7051,7971,HIT5,17.82,1,4
73521472,HLTA000003845,6/15/22 0:00,00:00.0,7046,1,HIL11,215.61,1,2
73755644,21842817,6/21/22 0:00,00:00.0,675,665,7559,94.44,1,2
73184525,HIT5000002998,6/7/22 0:00,00:00.0,7051,7074,HIT5,18.4,1,4
74121649,HLTA000003958,6/28/22 0:00,00:00.0,7046,7045,HIL11,270.55,1,2
74132667,JLGWA00003382,6/28/22 0:00,00:00.0,1093483,7710,JLG2,25.14,1,4
73041701,20142678-R,6/2/22 0:00,00:00.0,1,15886,HEL6,46.11,2,4
73036693,HLTA000003751,6/2/22 0:00,00:00.0,7045,7046,HIL11,69.04,1,2
74252121,HIT5000003446,6/30/22 0:00,00:00.0,7051,9406,HIT5,21.44,2,4
73376862,FOR0000788018,6/13/22 0:00,00:00.0,15097,20,FOR24,188.35,1,2
73280799,21526531,6/9/22 0:00,00:00.0,9,14659,PALLET,0,210,2
73844479,21906682,6/22/22 0:00,00:00.0,15552,15553,SPI7,129.2,1,2
73882816,21928176,6/23/22 0:00,00:00.0,9,10544,PALLET,0,14,2
73564511,KALG000000333,6/16/22 0:00,00:00.0,440791,16228,KAL7,98.72,2,2
73006072,HLTA000003742,6/1/22 0:00,00:00.0,7046,20,HIL11,64.4,2,2
73202323,21485931,6/8/22 0:00,00:00.0,15901,11824,ROW2,17.94,1,4
73825148,21890320,6/21/22 0:00,00:00.0,10,12280,SOJ1,40,30,2
73269337,900448730,6/8/22 0:00,00:00.0,15473,6273,TIC2,162.73,1,2
73020587,HIT5000002914,6/2/22 0:00,00:00.0,7051,1939,HIT5,17.82,1,4
73234372,HIT5000003033,6/8/22 0:00,00:00.0,7051,246406,HIT5,17.87,1,4
73878219,ARYL124478,6/22/22 0:00,00:00.0,27698,90105,100300,80.6,1,2
73980120,21996708,6/24/22 0:00,00:00.0,6544,204408,GHL1,161.88,7,4
73139148,SS00000000912,6/6/22 0:00,00:00.0,27900,809228,8ST1,16.44,1,4
73807462,900519047,6/21/22 0:00,00:00.0,26939,295289,COO10,261.31,3,2
73411985,ASH0000000238,6/14/22 0:00,00:00.0,1648,127328,ASH6,17.21,2,4
73981910,21997830,6/24/22 0:00,00:00.0,15005,295289,RED18,168.14,1,2
73853548,HIT5000003317,6/22/22 0:00,00:00.0,7051,24599,HIT5,49.14,1,4
73886104,21930364,6/23/22 0:00,00:00.0,774780,156034,SUL7,116.32,1,4
73553230,HIT5000003194,6/16/22 0:00,00:00.0,7051,1092538,HIT5,25.57,2,4
73621650,21751440,6/17/22 0:00,00:00.0,5,13743,UTE2,16.35,1,4
73848796,FOR0000788029,6/22/22 0:00,00:00.0,15097,20,FOR24,239.08,1,2
73168187,21461513,6/6/22 0:00,00:00.0,9,771879,HIL10,83.16,0,2
73618846,C900480864-1,6/17/22 0:00,00:00.0,6273,8663,MEC16,-92.17,0,4
73285172,TRU943814,6/9/22 0:00,00:00.0,78578,13613,TRU33,29.19,2,4
73333902,HIT5000003110,6/10/22 0:00,00:00.0,7051,8893,HIT5,17.82,1,4
73853108,HIT5000003316,6/22/22 0:00,00:00.0,7051,8909,HIT5,19.13,1,4
73432337,ILSB20802116-R,6/14/22 0:00,00:00.0,10,72,ILS2,0,1,2
73329117,HIT5000003107,6/10/22 0:00,00:00.0,7051,17602,HIT5,255.63,11,4
73878085,DCMC003944,6/22/22 0:00,00:00.0,4882,4862,DAL9,25.17,1,4
73003718,900456236,6/1/22 0:00,00:00.0,6273,15943,CRE8,1769.02,6,2
73054080,20039985-R,6/2/22 0:00,00:00.0,1,5945,ETB1,35.66,1,4
73245951,HIT5000003044,6/8/22 0:00,00:00.0,7051,7059,HIT5,17.82,1,4
74187765,22121028,6/29/22 0:00,00:00.0,9,60,YAM5,49.43,1,2
74251891,HIT5000003445,6/30/22 0:00,00:00.0,7051,773212,HIT5,17.82,1,4
73275059,HIT5000003062,6/9/22 0:00,00:00.0,7051,23030,HIT5,17.82,1,4
74271999,22201198,6/30/22 0:00,00:00.0,6544,242361,GHL1,62.43,2,4
73237310,HIT5000003037,6/8/22 0:00,00:00.0,7051,246397,HIT5,17.82,1,4
73809943,900519309,6/21/22 0:00,00:00.0,38375,788183,BEN10,174.11,1,2
73155505,HIT5000002983,6/6/22 0:00,00:00.0,7051,109550,HIT5,33.55,4,4
73034775,104697904,6/3/22 0:00,00:00.0,15581,38897,8317,781.71,5,2
73707730,SS00000000944,6/20/22 0:00,00:00.0,27900,809228,8ST1,19.32,1,4
73161876,900465364,6/6/22 0:00,00:00.0,38034,295289,COO10,71.01,4,2
72987267,21360276,6/1/22 0:00,00:00.0,182549,11740,RIC8,56.36,1,4
73418277,LINS000010340,6/14/22 0:00,00:00.0,8290,8191,LIN24,23.1,1,4
73041647,20296301-R,6/2/22 0:00,00:00.0,1,2655,BRU6,20.21,1,4
73698820,21806589,6/20/22 0:00,00:00.0,9822,9823,OME5,168.22,2,4
73237046,HIT5000003036,6/8/22 0:00,00:00.0,7051,319,HIT5,17.82,1,4
73283715,21529243,6/9/22 0:00,00:00.0,10,11390,REW4,16.68,1,4
73139261,SS00000000913,6/6/22 0:00,00:00.0,27900,32994,8ST1,18.54,1,4
73177905,HIT5000002987,6/7/22 0:00,00:00.0,7051,23030,HIT5,32.29,5,4
73080770,21411302,6/3/22 0:00,00:00.0,10880,26585,PLU4,18.64,1,4
74116223,22096139,6/28/22 0:00,00:00.0,284811,8735,MIA1,99.25,4,4
73541936,21697690,6/16/22 0:00,00:00.0,5,2119,BAY11,214.67,5,2
73161677,900560717,6/6/22 0:00,00:00.0,777643,9689,NOR17,190.02,1,2
73860496,ICCG009676-R,6/22/22 0:00,00:00.0,10,30,IVO1,291.04,1,2
73674545,LINS000010386,6/20/22 0:00,00:00.0,8290,8191,LIN24,26.91,1,4
73942297,900533038,6/23/22 0:00,00:00.0,2997,3022,EFF32,66.97,6,4
72970648,DSVC105251-R,6/1/22 0:00,00:00.0,6,5280,DYN18,29.57,1,4
74217806,HLTA000003980,6/29/22 0:00,00:00.0,7046,10,HIL11,71.59,4,2
73271762,21520346,6/9/22 0:00,00:00.0,9,10544,PALLET,0,10,2
73758222,21845053,6/21/22 0:00,00:00.0,11050,26278,QMRCC,550.43,2,2
73438113,HIT5000003143,6/14/22 0:00,00:00.0,7051,152855,HIT5,17.82,1,4
73243009,SS00000000923,6/8/22 0:00,00:00.0,27900,32156,8ST1,28.21,2,4
73431572,SS00000000938,6/14/22 0:00,00:00.0,27900,32156,8ST1,25.84,2,4
73140512,HIT5000002972,6/6/22 0:00,00:00.0,7051,36000,HIT5,17.82,1,4
73948280,21714568-R,6/24/22 0:00,00:00.0,10,1093511,FAS17,0,1,4
74059638,HIT5000003383,6/27/22 0:00,00:00.0,7051,109550,HIT5,24.26,2,4
73533596,21693240,6/16/22 0:00,00:00.0,3,22517,PALLET,0,330,2
73631046,HIT5000003225,6/17/22 0:00,00:00.0,7051,151351,HIT5,17.82,1,4
73809949,900519308,6/21/22 0:00,00:00.0,38375,853641,BEN10,156.08,1,2
73299040,104725137,6/10/22 0:00,00:00.0,675,689,8317,173.53,1,2
73102662,900448593,6/3/22 0:00,00:00.0,13146,6273,TIC2,162.86,1,2
73924668,21960741,6/27/22 0:00,00:00.0,159220,9584,NAT52,15.37,1,4
74254797,FOR0000788046,6/30/22 0:00,00:00.0,15097,20,FOR24,533.21,1,2
74153606,HLTA000003973,6/28/22 0:00,00:00.0,7046,10,HIL11,115.35,2,2
73614463,21746051,6/17/22 0:00,00:00.0,11726,11721,RIC3,175.39,1,2
72980861,21355260,6/1/22 0:00,00:00.0,675,675,34029,400,1,2
73916043,21955913,6/23/22 0:00,00:00.0,379429,11053,SBEVB,40.52,1,2
73014406,21371828,6/2/22 0:00,00:00.0,3,8290,LIN24,122.97,3,2
73994598,HLTA000003932,6/24/22 0:00,00:00.0,7045,7046,HIL11,69.04,1,2
72997297,JLG0000004453,6/1/22 0:00,00:00.0,36612,7699,JLG2,21.5,1,4
73729452,HIT5000003270,6/20/22 0:00,00:00.0,7051,7066,HIT5,17.82,1,4
73681966,21791998,6/20/22 0:00,00:00.0,1092684,11924,SCBM,551.84,1,2
73619771,21749989,6/17/22 0:00,00:00.0,3210,1051467,COO10,452.74,4,2
73558463,21711521,6/16/22 0:00,00:00.0,7398,7377,IDE4,172.3,1,2
74031420,21995100,6/27/22 0:00,00:00.0,10,775053,MAC22,69.27,2,2
73641805,HIT5000003233,6/17/22 0:00,00:00.0,7051,857,HIT5,35.27,2,4
73547817,21702158,6/16/22 0:00,00:00.0,10,12280,SOJ1,40,150,2
73030347,TMAS108010-R,6/2/22 0:00,00:00.0,20,13278,TMA1,13.8,1,4
73119994,HIT5000002961,6/6/22 0:00,00:00.0,7051,7057,HIT5,17.82,1,4
74290153,900533041,6/30/22 0:00,00:00.0,2997,3022,EFF32,836.28,5,2
73606234,YMAQLD0484744,6/17/22 0:00,00:00.0,13161,60,YAM5,238.26,2,2
72980207,21354689,6/2/22 0:00,00:00.0,2503,2497,BOC98,198.88,1,2
73477092,HIT5000003158,6/15/22 0:00,00:00.0,7051,7057,HIT5,17.82,2,4
73521212,RCSP213154-R,6/15/22 0:00,00:00.0,1,15809,STY3,41.4,1,4
73435138,21633325,6/14/22 0:00,00:00.0,11726,11721,RIC3,793.03,6,2
73507567,HIT5000003177,6/15/22 0:00,00:00.0,7051,773223,HIT5,17.82,1,4
73396026,21598917,6/14/22 0:00,00:00.0,3,22517,PALLET,0,330,2
74053702,SS00000000968,6/27/22 0:00,00:00.0,27900,33002,8ST1,24.16,1,4
73130836,21440609,6/6/22 0:00,00:00.0,251558,27568,IND21,31.11,6,4
74300454,22217050,6/30/22 0:00,00:00.0,9,1092623,ELI20,86.07,0,2
73157858,HIT5000002984,6/6/22 0:00,00:00.0,7051,802200,HIT5,17.82,2,4
73351665,21568141,6/10/22 0:00,00:00.0,6544,96206,GHL1,25.12,1,4
73566666,HIT5000003202,6/16/22 0:00,00:00.0,7051,7059,HIT5,17.82,1,4
73137832,21446150,6/6/22 0:00,00:00.0,9,15522,TRU26,103.8,0,2
73087279,HIT5000002943,6/3/22 0:00,00:00.0,7051,12591,HIT5,17.82,1,4
73744986,21834357,6/21/22 0:00,00:00.0,9,10544,PALLET,0,8,2
73762026,OZIT000000856,6/23/22 0:00,00:00.0,26796,9899,OZI1,827.4,6,2
73975920,HIT5000003362,6/24/22 0:00,00:00.0,7051,8911,HIT5,17.82,1,4
73646791,JLGWA00003368,6/17/22 0:00,00:00.0,1093483,7701,JLG2,20.03,1,4
74083410,HLTA000003951,6/27/22 0:00,00:00.0,7046,20,HIL11,91.52,1,2
73277536,21523808,6/9/22 0:00,00:00.0,11050,276135,QCRSB,452.36,1,2
74269369,22199409,6/30/22 0:00,00:00.0,6544,141709,GHL1,148.38,9,4
74397255,IPCJUNE2022,6/30/22 0:00,00:00.0,1042859,1042859,3M1,13166.66,1,2
73447493,DXP2225429,6/14/22 0:00,00:00.0,15943,24541,CRE8,16.71,2,4
73205121,HIT5000003014,6/7/22 0:00,00:00.0,7051,110961,HIT5,17.82,1,4
73183955,HIT5000002997,6/7/22 0:00,00:00.0,7051,35997,HIT5,17.82,1,4
73209555,HIT5000003026,6/7/22 0:00,00:00.0,7051,35999,HIT5,17.82,1,4
73600235,21734643,6/17/22 0:00,00:00.0,9,10544,PALLET,0,10,2
73130435,PAAU000000228,6/6/22 0:00,00:00.0,27128,11824,ROW2,40.67,1,4
72988507,80148350,6/1/22 0:00,00:00.0,28534,17681,021C,335.74,3,2
73709957,HLTA000003882,6/20/22 0:00,00:00.0,7046,7045,HIL10,84.35,2,2
74106906,CMFL110812-R,6/28/22 0:00,00:00.0,9,2802,CAM17,27.42,5,4
73826641,HIT5000003302,6/22/22 0:00,00:00.0,7051,7057,HIT5,17.82,1,4
73727341,900448594,6/20/22 0:00,00:00.0,13146,6273,TIC2,853.12,3,2
74123263,SFWW150068-1,6/28/22 0:00,00:00.0,9,15588,WFD4,60.91,2,4
73268737,900545801,6/8/22 0:00,00:00.0,12716,6273,TIC2,98.86,1,2
73387204,21592419,6/13/22 0:00,00:00.0,15169,416998,ASH6,42.45,2,4
73430661,SS00000000933,6/14/22 0:00,00:00.0,27900,26720,8ST1,25.57,2,4
73766431,21852119,6/28/22 0:00,00:00.0,27119,27118,THE73,30.84,1,4
74283363,HLTA000003991,6/30/22 0:00,00:00.0,7046,20,HIL11,91.52,1,2
73505372,HIT5000003175,6/15/22 0:00,00:00.0,7051,8909,HIT5,26.06,2,4
73045316,HLTA000003752,6/2/22 0:00,00:00.0,7039,7046,HIL11,66.79,1,2
73744465,21834172,6/21/22 0:00,00:00.0,10,16145,COA11,129.9,2,2
73540822,YMAQLD0484680,6/16/22 0:00,00:00.0,13161,14193,YAM7,1401.58,7,2
73051907,900434568,6/2/22 0:00,00:00.0,76932,419694,3422,304.99,1,2
73037077,21387985,6/2/22 0:00,00:00.0,15986,28512,ABB1,42.51,2,4
74178425,HIT5000003413,6/29/22 0:00,00:00.0,7051,38067,HIT5,27.34,1,4
74207991,HIT5000003430,6/29/22 0:00,00:00.0,7051,40661,HIT5,17.82,1,4
73562780,80148534,6/16/22 0:00,00:00.0,28534,17681,021C,113.32,1,2
73222618,21492505,6/7/22 0:00,00:00.0,9,12492,STA26,50.9,0,4
73296275,21539141,6/9/22 0:00,00:00.0,19,20,BEX-IT,0,1,4
73014987,21371940,6/2/22 0:00,00:00.0,9,5299,PALLET,0,9,2
73553969,HIT5000003195,6/16/22 0:00,00:00.0,7051,971,HIT5,17.82,1,4
73192289,HIT5000003002,6/7/22 0:00,00:00.0,7051,857,HIT5,19.42,1,4
74157253,900440211,6/28/22 0:00,00:00.0,547313,15584,JLG2,134.91,2,4
73129162,HIT5000002966,6/6/22 0:00,00:00.0,7051,7924,HIT5,17.82,1,4
74216593,HLTA000003977,6/29/22 0:00,00:00.0,7046,3,HIL11,179.42,3,2
73710320,104767294,6/21/22 0:00,00:00.0,675,676,8317,596.56,11,2
73600514,20510948-R,6/17/22 0:00,00:00.0,5,20182,WAT30,0,3,4
73180606,HIT5000002994,6/7/22 0:00,00:00.0,7051,160910,HIT5,17.82,1,4
73279656,21525646,6/9/22 0:00,00:00.0,2096,117376,BAM7,837.71,3,2
73851684,HIT5000003314,6/22/22 0:00,00:00.0,7051,110965,HIT5,26.14,2,4
73753923,HIT5000003272,6/21/22 0:00,00:00.0,7051,35995,HIT5,17.82,1,4
73192615,HIT5000003003,6/7/22 0:00,00:00.0,7051,38067,HIT5,23.13,1,4
73919590,21958305,6/24/22 0:00,00:00.0,158585,15005,RED18,171.75,1,2
73950932,21973593,6/24/22 0:00,00:00.0,20,13995,PALLET,0,4,2
72967951,21345465,6/1/22 0:00,00:00.0,9,10544,PALLET,0,14,2
73892058,PAAU000000232,6/23/22 0:00,00:00.0,27128,11824,ROW2,17.94,1,4
73352966,HIT5000003122,6/10/22 0:00,00:00.0,7051,7057,HIT5,17.82,1,4
74245253,21894596-R,6/30/22 0:00,00:00.0,10,2655,BRU6,50.6,1,4
73533522,21693221,6/16/22 0:00,00:00.0,9,5299,PALLET,0,10,2
73532017,21459998-R,6/16/22 0:00,00:00.0,5,1211717,THE62,57.03,1,4
73899184,21941503,6/23/22 0:00,00:00.0,15169,157142,ASH6,22.45,4,4
73966171,HIT5000003359,6/24/22 0:00,00:00.0,7051,31856,HIT5,19.14,1,4
73572419,21722570,6/16/22 0:00,00:00.0,15986,28512,ABB1,18.11,1,4
74300217,22216833,6/30/22 0:00,00:00.0,9,631006,TMS95,101.69,0,2
73965183,HIT5000003358,6/24/22 0:00,00:00.0,7051,110966,HIT5,20.46,2,4
74271456,22200797,6/30/22 0:00,00:00.0,6544,53763,GHL1,12.12,1,4
73003092,20930443-R,6/1/22 0:00,00:00.0,1,2655,BRU6,48.58,5,4
73204200,HIT5000003011,6/7/22 0:00,00:00.0,7051,109550,HIT5,18.35,2,4
74043956,HIT5000003379,6/27/22 0:00,00:00.0,7051,109683,HIT5,17.82,1,4
73227798,21495210-1,6/8/22 0:00,00:00.0,3,6114,FDM1,0,4,2
73412873,21614111,6/14/22 0:00,00:00.0,9746,13836,VNOPC,40.52,1,2
73299620,HIT5000003085,6/9/22 0:00,00:00.0,7051,17032,HIT5,17.82,1,4
73006106,HLTA000003743,6/1/22 0:00,00:00.0,7046,6,HIL11,64.4,1,2
73958448,CCRYS6852R-1-1,6/24/22 0:00,00:00.0,15381,20,CRY7,-170.36,0,2
73973313,POOL000832917-R,6/24/22 0:00,00:00.0,9,546,705600,0,1,2
73832720,CPWPX5000044528-R,6/22/22 0:00,00:00.0,5,1050,COU12,0,1,4
73359933,HLTA000003827,6/10/22 0:00,00:00.0,7046,10,HIL11,65.66,1,2
73363501,900484245,6/10/22 0:00,00:00.0,246686,1010,ALT100,25.57,1,4
73744997,21834364,6/21/22 0:00,00:00.0,9,5299,PALLET,0,5,2
73176832,21463197-1,6/7/22 0:00,00:00.0,3,6114,FDM1,0,1,2
73294900,HIT5000003074,6/9/22 0:00,00:00.0,7051,7055,HIT5,18.18,1,4
73296943,21539560,6/14/22 0:00,00:00.0,296200,13728,UPD1,174.54,2,4
73762997,21849097,6/20/22 0:00,00:00.0,10,12280,SOJ1,40,180,2
73779193,BEXN010935P,6/21/22 0:00,00:00.0,5,9899,PALLET,0,127,2
73336011,GAR0000005479,6/10/22 0:00,00:00.0,116104,771613,GAR15,117.05,2,4
73171906,21463282,6/7/22 0:00,00:00.0,3213,1051467,COO10,890.61,5,2
74047506,80148614,6/27/22 0:00,00:00.0,28534,17681,021C,109.07,1,2
73296029,HIT5000003077,6/9/22 0:00,00:00.0,7051,7971,HIT5,17.82,1,4
73674535,QHC21358076-R,6/20/22 0:00,00:00.0,10,11052,QHD1,36.81,1,4
73726867,HIT5000003267,6/20/22 0:00,00:00.0,7051,7059,HIT5,17.82,1,4
73097431,HLTA000003765,6/3/22 0:00,00:00.0,7046,1,HIL11,215.61,1,2
73014668,21371845,6/2/22 0:00,00:00.0,20,13995,PALLET,0,2,2
73352484,19458451-R,6/10/22 0:00,00:00.0,1,5869,ENV15,15.94,1,4
74195550,C20707046-1,6/29/22 0:00,00:00.0,10,6070,FAS14,-395.69,0,4
73211211,HLTA000003791,6/7/22 0:00,00:00.0,7046,3,HIL11,98.25,2,2
74020607,22024178,6/23/22 0:00,00:00.0,9,13570,TOT17,94.63,0,2
73752710,21840233,6/17/22 0:00,00:00.0,9,1179690,MEA5,115.75,0,2
73912730,21953553,6/23/22 0:00,00:00.0,359341,12985,TCB1,83.49,2,4
73130884,21271980-R,6/6/22 0:00,00:00.0,10,1211717,THE62,20.17,1,4
73567723,21719369,6/16/22 0:00,00:00.0,15986,28512,ABB1,506.33,57,4
73240299,ASH0000000231,6/8/22 0:00,00:00.0,1648,157601,ASH6,184.8,57,4
73612804,21744618,6/17/22 0:00,00:00.0,10880,777259,PLU4,69.85,10,4
73938807,900481582,6/23/22 0:00,00:00.0,8116,37992,LAU9,273.03,1,2
72389817,21022008,6/3/22 0:00,00:00.0,123850,12746,SUN12,89.15,1,4
73337723,21559857,6/10/22 0:00,00:00.0,4922,4886,DEL15,185.15,1,2
73221366,21492192,6/8/22 0:00,00:00.0,3,5954,EVA4,66,60,2
73334865,21557868,6/9/22 0:00,00:00.0,10,771977,MAD5,234.18,40,2
73527618,900560609,6/15/22 0:00,00:00.0,15480,6273,TIC2,272.68,2,2
73086686,21414940,6/3/22 0:00,00:00.0,16119,16120,TRI18,46.25,1,4
73471023,21651745,6/15/22 0:00,00:00.0,3,6129,FES1,21.57,1,4
73586174,HLTA000003862,6/16/22 0:00,00:00.0,7046,10,HIL11,65.96,1,2
73363688,900484248,6/10/22 0:00,00:00.0,246686,1004,ALT100,90.46,6,4
73479822,CAFSPAYMENTCON-48,6/15/22 0:00,00:00.0,56288,56288,ALT3045,-4803.84,0,2
73411566,ASH0000000237,6/14/22 0:00,00:00.0,1648,417001,ASH6,266.51,18,4
73909619,21950906,6/23/22 0:00,00:00.0,6544,157779,GHL1,95.16,4,4
73336036,IFS605021,6/10/22 0:00,00:00.0,446,28339,419400,22.95,1,4
73974687,21992634,6/24/22 0:00,00:00.0,10880,777259,PLU4,46.61,6,4
74062429,104798137,6/28/22 0:00,00:00.0,675,38897,8317,99.94,3,2
73556274,21709461,6/16/22 0:00,00:00.0,15582,7476,IMI3,26.61,3,4
73150965,HIT5000002981,6/6/22 0:00,00:00.0,7051,8906,HIT5,17.82,1,4
73357341,KWA0000000116,6/14/22 0:00,00:00.0,790441,1464,KWA2,33.55,1,4
73353801,900483536,6/10/22 0:00,00:00.0,41406,2798,CAM17,258.08,1,2
74095169,22078340,6/27/22 0:00,00:00.0,4947,4947,DHL2,91.95,0,2
73606860,HIT5000003210,6/17/22 0:00,00:00.0,7051,17602,HIT5,184.29,5,4
73623418,HIT5000003217,6/20/22 0:00,00:00.0,7054,7051,HIT5,17.82,1,4
73257063,RETOVERSUPPLY,6/9/22 0:00,00:00.0,547728,8212,LIN25,46.38,4,4
73532025,21219067-R,6/16/22 0:00,00:00.0,5,1211717,THE62,55.29,1,4
74190269,CPBXWAC0149344-R,6/29/22 0:00,00:00.0,1,4709,COU16,27.71,3,4
73236825,21503197,6/8/22 0:00,00:00.0,92010,281754,SCBM,524.62,1,2
74051297,22051216,6/27/22 0:00,00:00.0,11050,276135,QCRSB,837.14,2,2
73216402,21490474,6/7/22 0:00,00:00.0,1,138302,FAS18,47.22,1,4
73384879,21590640,6/13/22 0:00,00:00.0,15169,127328,ASH6,164.19,1,2
73899319,21941623,6/23/22 0:00,00:00.0,15169,127328,ASH6,32.74,3,4
73047907,HIT5000002928,6/2/22 0:00,00:00.0,7051,328528,HIT5,60.13,3,4
73488542,HIT5000003161,6/15/22 0:00,00:00.0,7051,18632,HIT5,17.82,1,4
73611753,HIT5000003213,6/17/22 0:00,00:00.0,7051,246634,HIT5,37.71,1,4
73421243,CTDB1341104-1-0,6/14/22 0:00,00:00.0,4947,53872,SCH38,-149.95,-1,2
73955303,HIT5000003353,6/24/22 0:00,00:00.0,7051,50755,HIT5,18.85,1,4
73658740,C0104638641-1,6/18/22 0:00,00:00.0,16179,38897,8317,-30,0,2
73354163,LO601008749,6/10/22 0:00,00:00.0,773771,20,DUL12,288.2,2.5,2
73168176,21461512,6/6/22 0:00,00:00.0,9,1179690,MEA5,115.75,0,2
73482962,NOK467172,6/15/22 0:00,00:00.0,774692,15092,SCH40,920.95,8,2
73058156,900489591,6/2/22 0:00,00:00.0,771648,6273,TIC2,194.58,1,2
73474916,21653838,6/15/22 0:00,00:00.0,675,6606,GOO8,62.16,1,2
73342582,SMZ0000000725,6/14/22 0:00,00:00.0,327868,13039,SOM1,14.67,1,4
74120902,JLGWA00003379,6/28/22 0:00,00:00.0,1093483,7699,JLG2,18.26,1,4
74083062,HLTA000003947,6/27/22 0:00,00:00.0,7046,1,HIL11,215.61,1,2
73544401,21699759,6/15/22 0:00,00:00.0,9,774,ALL68,108.38,0,2
73246006,80148436,6/8/22 0:00,00:00.0,28534,17681,021C,685.76,9,2
73940458,900448872,6/23/22 0:00,00:00.0,15692,6273,TIC2,98.86,1,2
73046762,HIT5000002927,6/2/22 0:00,00:00.0,7051,773830,HIT5,17.82,1,4
73502999,CPBBGRZ11744617-R,6/15/22 0:00,00:00.0,5,1050,COU12,12.44,1,4
74181634,22138575,6/29/22 0:00,00:00.0,9,690634,PALLET,0,2,2
73200102,104720099,6/8/22 0:00,00:00.0,2418,38897,8317,239.85,4,2
73285730,HIT5000003072,6/9/22 0:00,00:00.0,7051,44978,HIT5,17.82,2,4
73609192,HIT5000003212,6/17/22 0:00,00:00.0,7051,796413,HIT5,17.82,1,4
73233774,21500573,6/8/22 0:00,00:00.0,11726,11721,RIC3,110.27,1,2
73479526,BLAN0000000666-R-1,6/15/22 0:00,00:00.0,15341,2400,BLA30,0,1,4
73179480,21469394,6/7/22 0:00,00:00.0,1092684,379429,NBERB,86.33,1,2
73161619,HLTA000003777,6/6/22 0:00,00:00.0,7046,20,HIL11,64.4,3,2
73316227,900560452,6/9/22 0:00,00:00.0,13144,6273,TIC2,137.15,1,2
74131551,22109096,6/28/22 0:00,00:00.0,11050,11053,SAQA,163.26,1,2
74020612,22024179,6/23/22 0:00,00:00.0,9,774,ALL68,108.38,0,2
72996294,900544505,6/1/22 0:00,00:00.0,658,659,7542,1060.45,6,2
73191899,21479421,6/7/22 0:00,00:00.0,7398,7377,IDE4,280.16,1,2
72997631,JLG0000004454,6/1/22 0:00,00:00.0,36612,15584,JLG2,28.54,1,4
73464959,900544514,6/14/22 0:00,00:00.0,658,659,7542,252.07,2,2
74208241,HIT5000003432,6/29/22 0:00,00:00.0,7051,3019,HIT5,20.71,1,4
73411140,ASH0000000236,6/14/22 0:00,00:00.0,1648,26556,ASH6,181.28,42,4
74140040,HIT5000003406,6/28/22 0:00,00:00.0,7051,157726,HIT5,17.82,1,4
73091573,HIT5000002950,6/3/22 0:00,00:00.0,7051,777833,HIT5,62.29,1,4
73327840,HIT5000003105,6/10/22 0:00,00:00.0,7051,780555,HIT5,19.14,1,4
74063842,22061827,6/27/22 0:00,00:00.0,6544,242307,GHL1,98.79,6,4
74127103,22105966,6/28/22 0:00,00:00.0,2096,117376,BAM7,1341.85,3,2
73081186,FOR0000788016,6/3/22 0:00,00:00.0,15097,38815,SAF12,59.78,1,4
72999865,HIT5000002901,6/1/22 0:00,00:00.0,7051,35999,HIT5,18.77,1,4
74250472,22184092,6/30/22 0:00,00:00.0,16119,16120,TRI18,14.44,1,4
74054556,22054279,6/24/22 0:00,00:00.0,9,5279,DYN15,98.42,0,2
74214652,900519265,6/29/22 0:00,00:00.0,15168,1186936,SCH28,89.4,1,2
73002484,900456238,6/1/22 0:00,00:00.0,6273,15943,CRE8,1749.07,6,2
73306240,HLTA000003809,6/9/22 0:00,00:00.0,7039,7046,HIL11,66.79,1,2
74000664,PPCK21866928-R,6/24/22 0:00,00:00.0,1,10544,PIC4,46.57,1,4
73003493,HIT5000002905,6/1/22 0:00,00:00.0,7051,7066,HIT5,17.82,2,4
74195294,C20645774-1,6/29/22 0:00,00:00.0,10,6070,FAS14,-517.63,0,4
73029980,LINS000010270,6/2/22 0:00,00:00.0,8290,8191,LIN24,23.28,1,4
73019535,HIT5000002912,6/2/22 0:00,00:00.0,7051,1950,HIT5,17.82,1,4
73113597,21427663,6/6/22 0:00,00:00.0,3,6114,FDM1,531.39,8,2
74208552,HIT5000003434,6/29/22 0:00,00:00.0,7051,1980,HIT5,17.82,1,4
73026453,21379615,6/2/22 0:00,00:00.0,9,14659,PALLET,0,300,2
73327832,21552425,6/9/22 0:00,00:00.0,9,1179690,MEA5,115.75,0,2
73027501,21380562,6/2/22 0:00,00:00.0,2484,35477,BOC13,99.09,1,2
73396846,21599631,6/14/22 0:00,00:00.0,2484,35477,BOC13,91.26,1,2
73165359,900470389,6/6/22 0:00,00:00.0,65280,775577,UES2,169.48,1,2
73207530,HIT5000003019,6/7/22 0:00,00:00.0,7051,1092538,HIT5,23.34,2,4
73955148,21977119,6/24/22 0:00,00:00.0,26203,342974,BOC27,91.26,1,2
73004589,HIT5000002908,6/1/22 0:00,00:00.0,7051,115,HIT5,17.82,1,4
73677788,21787935,6/20/22 0:00,00:00.0,2484,774223,BOC13,97.56,1,2
73873597,HLTA000003909,6/22/22 0:00,00:00.0,7046,3,HIL11,122.53,2,2
73832668,MTLM136977-R,6/22/22 0:00,00:00.0,20,8683,MET26,54.25,1,4
73697869,CPBXVCC0798993-R,6/20/22 0:00,00:00.0,10,1050,COU12,0,1,4
73735509,HLTA000003888,6/20/22 0:00,00:00.0,7046,20,HIL11,91.52,1,2
73258407,HIT5000003059,6/8/22 0:00,00:00.0,7051,16714,HIT5,17.82,1,4
73771075,FOR0000788026,6/21/22 0:00,00:00.0,15097,20,FOR24,22.77,1,4
73752324,21840129,6/20/22 0:00,00:00.0,9,14853,BUS9,86.07,0,2
73707345,21814178,6/22/22 0:00,00:00.0,1647,1648,ASH6,164.19,1,2
73208626,HIT5000003024,6/7/22 0:00,00:00.0,7051,792701,HIT5,17.82,1,4
73550074,21704157,6/16/22 0:00,00:00.0,9,690634,PALLET,0,5,2
73062176,COTL045720-1,6/3/22 0:00,00:00.0,9,886870,COT2,11.99,1,4
73943706,900519863,6/23/22 0:00,00:00.0,771648,6273,TIC2,150.11,1,2
74283296,HLTA000003990,6/30/22 0:00,00:00.0,7046,1,HIL11,244.95,1,2
73677939,HIT5000003238,6/20/22 0:00,00:00.0,7051,780556,HIT5,17.82,1,4
73793627,HIT5000003294,6/21/22 0:00,00:00.0,7051,35999,HIT5,17.82,1,4
73297025,JLG0000004466,6/9/22 0:00,00:00.0,15584,1093483,JLG2,1453.27,1,2
73734750,IFEN000000058,6/21/22 0:00,00:00.0,14372,14373,INF3,135.17,1,2
73360098,HLTA000003828,6/10/22 0:00,00:00.0,7046,20,HIL11,91.52,1,2
73327558,HIT5000003104,6/10/22 0:00,00:00.0,7051,115,HIT5,23.28,6,4
73907691,BEXN010992P,6/23/22 0:00,00:00.0,5,9899,PALLET,0,149,2
73264763,HLTA000003802,6/8/22 0:00,00:00.0,7045,7046,HIL11,100.11,2,2
73176699,21467179,6/7/22 0:00,00:00.0,3,4236,COU14,10.83,1,4
73495664,HIT5000003169,6/15/22 0:00,00:00.0,17602,7051,HIT5,17.82,1,4
73012065,900448729,6/1/22 0:00,00:00.0,15473,6273,TIC2,162.73,1,2
73281539,21527258,6/9/22 0:00,00:00.0,1092684,11053,SBEVPUR,40.52,3,2
73323731,21549567,6/10/22 0:00,00:00.0,379429,11053,SAQA,40.63,3,2
73635835,21760575,6/17/22 0:00,00:00.0,16119,2105,TRI18,14.24,1,4
73083696,20148967-R,6/3/22 0:00,00:00.0,1,2655,BRU6,44.27,2,4
73336751,21559176,6/10/22 0:00,00:00.0,15677,451922,CAP15,17.85,2,4
73140463,21448193,6/6/22 0:00,00:00.0,15986,28512,ABB1,61.45,4,4
73126856,LDB0000004289,6/6/22 0:00,00:00.0,8137,20242,GWS1,41.31,1,4
73143677,104704947,6/7/22 0:00,00:00.0,675,38897,8317,93.28,2,2
74154613,900455696,6/28/22 0:00,00:00.0,103362,2480,BLU11,93.73,1,2
73922885,SMPT000000080,6/23/22 0:00,00:00.0,12402,12401,SOU61,414.53,4,2
74265035,HLTA000003988,6/30/22 0:00,00:00.0,7039,7046,HIL11,133.3,2,2
73182204,HIT5000002995,6/7/22 0:00,00:00.0,7051,33322,HIT5,20.46,1,4
73987747,HIT5000003372,6/24/22 0:00,00:00.0,7051,38067,HIT5,21.32,1,4
73191110,HIT5000003001,6/7/22 0:00,00:00.0,7051,215325,HIT5,17.82,1,4
73308318,HIT5000003094,6/9/22 0:00,00:00.0,7051,800791,HIT5,21.56,1,4
73769619,21859437,6/21/22 0:00,00:00.0,9,8368,LIT9,85.32,1,2
73275711,21522719,6/9/22 0:00,00:00.0,10,16157,FLO13,126.84,1,2
73756898,HIT5000003273,6/21/22 0:00,00:00.0,7051,17602,HIT5,47.94,3,4
73031780,21384049,6/2/22 0:00,00:00.0,26203,1854,BOC81,330.81,2,2
73810095,21879536,6/21/22 0:00,00:00.0,1,13242,PALLET,0,15,2
73804996,HLTA000003898,6/21/22 0:00,00:00.0,7046,10,HIL11,65.66,1,2
73896679,HIT5000003332,6/23/22 0:00,00:00.0,7051,8893,HIT5,17.82,1,4
73203866,HIT5000003010,6/7/22 0:00,00:00.0,7051,16714,HIT5,17.82,1,4
73543831,HIT5000003191,6/16/22 0:00,00:00.0,7051,7067,HIT5,17.82,1,4
73313272,104702703,6/10/22 0:00,00:00.0,38897,5950,8317,625.37,4,2
73153421,HLTA000003776,6/6/22 0:00,00:00.0,7039,7046,HIL11,158.7,2,2
73076473,JLGWA00003345,6/3/22 0:00,00:00.0,1093483,7701,JLG2,28.42,1,4
73451215,21643781,6/15/22 0:00,00:00.0,314798,9584,NAT52,26.64,2,4
73353170,HIT5000003123,6/10/22 0:00,00:00.0,7051,779696,HIT5,17.82,1,4
73103072,900519096,6/3/22 0:00,00:00.0,118424,70,MUL7,538.58,2,2
73718643,EAS1520212022WK50,6/17/22 0:00,00:00.0,5299,5299,EAS15,80,0,2
73015116,SRGK129129-R,6/2/22 0:00,00:00.0,3,7864,KUE31,18.4,1,4
73638914,SAST000000138,6/20/22 0:00,00:00.0,11837,11824,ROW2,20.34,1,4
74290741,900482044,6/30/22 0:00,00:00.0,38027,756,ALB10,164.54,1,2
73251314,CT21432584-0-0,6/8/22 0:00,00:00.0,9,9476,tms88,-87.97,0,2
73904508,HIT5000003334,6/23/22 0:00,00:00.0,7051,513,HIT5,18.77,1,4
73318401,900505714,6/9/22 0:00,00:00.0,2997,2497,BOC7,738.94,2,2
74118127,22098046,6/28/22 0:00,00:00.0,9,1501,AQU16,19.8,2,4
73338048,JLGWA00003358,6/10/22 0:00,00:00.0,1093483,7701,JLG2,17.7,1,4
73891315,21934567,6/23/22 0:00,00:00.0,15793,295289,COO10,107.66,1,2
73977169,21994435,6/24/22 0:00,00:00.0,6544,242361,GHL1,32.09,3,4
73297780,HIT5000003081,6/9/22 0:00,00:00.0,7051,8909,HIT5,17.82,1,4
74192588,SS00000000973,6/29/22 0:00,00:00.0,27900,625482,8ST1,12.65,1,4
74083221,HLTA000003948,6/27/22 0:00,00:00.0,7046,3,HIL11,69.48,1,2
73525406,CPBXWAC0148773-R,6/15/22 0:00,00:00.0,1,4709,COU16,13.88,1,4
73210521,HLTA000003787,6/7/22 0:00,00:00.0,7046,20,HIL11,64.4,4,2
73925073,104786625,6/24/22 0:00,00:00.0,675,689,8317,878.49,6,2
73914585,PERM000000550,6/24/22 0:00,00:00.0,157703,10490,PER28,39.21,1,4
73081096,IPCMAY2022,6/3/22 0:00,00:00.0,1042859,1042859,3M1,13166.66,0,2
73842477,21905192,6/22/22 0:00,00:00.0,15677,83672,CAP15,31.31,4,4
73314509,900465365,6/9/22 0:00,00:00.0,38034,295289,COO10,267.08,16,2
73350881,900544511,6/10/22 0:00,00:00.0,658,659,7542,166.6,2,2
74195515,22150787,6/29/22 0:00,00:00.0,9746,773553,WBAYC,53.24,1,2
73507786,HIT5000003178,6/15/22 0:00,00:00.0,7051,7053,HIT5,17.82,1,4
73544061,LINS000010368,6/17/22 0:00,00:00.0,15535,8212,LIN22,15.37,1,4
72979561,C20587562-1,6/1/22 0:00,00:00.0,1092684,11924,SCBM,-0.03,0,2
74078109,AMSHLTA000003945,6/27/22 0:00,00:00.0,7039,7046,HIL11,80.05,1,2
73569737,SMZ0000000742,6/17/22 0:00,00:00.0,15689,13039,SOM1,77.46,5,4
73132615,21441779,6/7/22 0:00,00:00.0,309811,11109,rav4,17.53,1,4
74025319,21929816,6/24/22 0:00,00:00.0,10,5938,MYD1,33.71,2,4
73344941,21564479,6/10/22 0:00,00:00.0,11050,26278,QMRCC,284.96,1,2
73299395,HIT5000003083,6/9/22 0:00,00:00.0,7051,157726,HIT5,17.82,1,4
73922844,HIT5000003345,6/23/22 0:00,00:00.0,7051,160558,HIT5,17.82,1,4
73037396,AUST000622321-R,6/2/22 0:00,00:00.0,1,29251,AUS210,19.38,1,4
73435816,21633900,6/14/22 0:00,00:00.0,6544,103987,GHL1,25.72,2,4
73235517,CRRE16407-R,6/8/22 0:00,00:00.0,9,38679,CUR5,0,1,4
73239946,104705036,6/9/22 0:00,00:00.0,16179,38897,8317,1139.66,8,2
74189860,BEXN011203P,6/29/22 0:00,00:00.0,5,5,PALLET,0,127,2
73211069,HLTA000003789,6/7/22 0:00,00:00.0,7046,1,HIL11,215.61,1,2
74070636,HIT5000003388,6/27/22 0:00,00:00.0,7051,217243,HIT5,95.44,4,4
73824647,C900519233-1,6/22/22 0:00,00:00.0,38450,38451,PAL5,0.03,0,2
73822026,21887614,6/21/22 0:00,00:00.0,10,1093021,FEL4,614.84,240,2
73225986,21191084,6/8/22 0:00,00:00.0,3,7084,KUE35,82.83,1,2
73433531,21632041,6/14/22 0:00,00:00.0,25862,10523,903600,433.44,2,2
73875589,900434810,6/22/22 0:00,00:00.0,15464,6273,TIC2,119.9,1,2
74119101,22098980,6/28/22 0:00,00:00.0,15677,622115,CAP15,266.74,1,4
73066938,HIT5000002934,6/3/22 0:00,00:00.0,7051,773223,HIT5,17.82,1,4
73246166,21510319,6/8/22 0:00,00:00.0,3225,15793,COO10,235.86,3,2
73103491,UGAM2015370-R,6/3/22 0:00,00:00.0,1,14672,TMS35,14.01,1,4
73338946,JLGWA00003359,6/10/22 0:00,00:00.0,1093483,7710,JLG2,23.99,1,4
73892112,21935564,6/23/22 0:00,00:00.0,10,12280,SOJ1,40,150,2
73170896,21332272-R,6/7/22 0:00,00:00.0,20,7850,KRI4,0,1,2
73892263,21935350,6/23/22 0:00,00:00.0,9746,11053,SBEVB,40.52,1,2
74240456,YMAQLD0485110,6/30/22 0:00,00:00.0,13161,14203,YAM6,153.25,1,2
73772875,21858259,6/21/22 0:00,00:00.0,1092684,11053,SUN22,70.59,1,2
73822662,21888036,6/22/22 0:00,00:00.0,26535,28436,1065,219.77,1,2
73862531,HIT5000003323,6/22/22 0:00,00:00.0,7051,110966,HIT5,19.62,2,4
73265920,21518204,6/9/22 0:00,00:00.0,10880,777259,PLU4,69.85,10,4
73161255,21459092,6/6/22 0:00,00:00.0,22912,266656,MEC14,358.3,1,2
72972614,21348582,6/2/22 0:00,00:00.0,34498,7748,JTY1,21.13,1,4
74195433,S9-9047186,6/30/22 0:00,00:00.0,675,676,8317,101.68,1,2
73236647,HIT5000003035,6/8/22 0:00,00:00.0,7051,84026,HIT5,22.92,1,4
73318376,900505715,6/9/22 0:00,00:00.0,2997,118989,BOC59,91.26,1,2
74188205,HIT5000003417,6/29/22 0:00,00:00.0,7051,110963,HIT5,17.82,1,4
73062190,21398118,6/3/22 0:00,00:00.0,20,13995,PALLET,0,2,2
73937352,HLTA000003925,6/23/22 0:00,00:00.0,7046,20,HIL11,91.52,1,2
73684282,HIT5000003250,6/20/22 0:00,00:00.0,7051,115,HIT5,17.82,1,4
73775084,CDBO123309-R-1,6/21/22 0:00,00:00.0,10,4983,DHL2,-670.39,0,2
73717688,LO601028006,6/20/22 0:00,00:00.0,773771,20,DUL12,288.2,2.5,2
73439012,HIT5000003145,6/14/22 0:00,00:00.0,7051,7055,HIT5,45.38,4,4
73698538,21826445,6/20/22 0:00,00:00.0,9,2356,BEL13,135.61,1,4
73680340,HIT5000003242,6/20/22 0:00,00:00.0,7051,7055,HIT5,17.82,1,4
73629081,21756574,6/21/22 0:00,00:00.0,547740,11973,SEN2,61.57,2,4
73430522,SS00000000932,6/14/22 0:00,00:00.0,27900,102140,8ST1,16.72,1,4
73761336,HIT5000003280,6/21/22 0:00,00:00.0,7051,28442,HIT5,42.04,2,4
74143437,HIT5000003408,6/28/22 0:00,00:00.0,7051,160910,HIT5,17.82,1,4
73018200,HIT5000002911,6/2/22 0:00,00:00.0,7051,28458,HIT5,21.73,3,4
73363694,900416063,6/10/22 0:00,00:00.0,246686,1004,ALT100,32.98,1,4
73458670,HLTA000003834,6/14/22 0:00,00:00.0,7045,7046,HIL11,69.04,1,2
73294324,21537623,6/9/22 0:00,00:00.0,2096,2104,BAM7,68.67,1,2
74229542,22167438,6/29/22 0:00,00:00.0,9,14626,903300,101.24,0,2
73118762,21431458,6/6/22 0:00,00:00.0,5,2119,BAY11,176.54,4,2
73003758,900456237,6/1/22 0:00,00:00.0,6273,15943,CRE8,1173.92,4,2
73840455,21903301,6/23/22 0:00,00:00.0,84295,4784,CRO20,530.62,1,4
73677679,HIT5000003236,6/20/22 0:00,00:00.0,7051,7060,HIT5,18.47,1,4
73387551,21592558,6/13/22 0:00,00:00.0,15169,417001,ASH6,13.2,1,4
73236819,ASH0000000228,6/8/22 0:00,00:00.0,1648,426307,ASH6,28.79,6,4
74020553,21833463-R,6/27/22 0:00,00:00.0,5,1211717,THE62,49.25,1,4
72978120,21158338-R,6/1/22 0:00,00:00.0,10,1211717,THE62,49.25,1,4
73473383,21459244-R,6/15/22 0:00,00:00.0,5,1211717,THE62,57.89,1,4
74260198,HIT5000003449,6/30/22 0:00,00:00.0,7051,23030,HIT5,22.15,2,4
73861771,HIT5000003322,6/22/22 0:00,00:00.0,7051,110967,HIT5,17.82,1,4
73876188,900467515,6/22/22 0:00,00:00.0,116066,70,MUL7,95.05,1,2
73327850,ASH0000000233,6/10/22 0:00,00:00.0,1648,15163,ASH6,96.04,21,4
73873473,HLTA000003908,6/22/22 0:00,00:00.0,7046,1,HIL11,395.46,2,2
73120306,21432584,6/3/22 0:00,00:00.0,9,9476,MYF34,50.81,0,4
73632507,104766141,6/20/22 0:00,00:00.0,675,676,8317,352.47,4,2
73979485,104798264,6/27/22 0:00,00:00.0,675,684,8317,596.56,9,2
73637639,JLG0000004470,6/17/22 0:00,00:00.0,15584,7699,JLG2,91.95,1,2
74213930,900560725,6/29/22 0:00,00:00.0,777643,132136,NOR17,256.16,1,2
73291421,SS00000000924,6/9/22 0:00,00:00.0,27900,32156,8ST1,75.7,6,4
73474315,21653556,6/15/22 0:00,00:00.0,2484,35477,BOC13,91.26,1,2
73908503,21949941,6/23/22 0:00,00:00.0,6544,157712,GHL1,76.46,4,4
74136130,HIT5000003402,6/28/22 0:00,00:00.0,7051,784969,HIT5,17.82,1,4
73058558,900519234,6/2/22 0:00,00:00.0,38450,38451,PAL5,97.45,1,2
73979111,HIT5000003368,6/24/22 0:00,00:00.0,7051,8909,HIT5,17.82,1,4
73830352,LRNC126554-R,6/22/22 0:00,00:00.0,9,8070,LAR2,0,1,2
73786623,21869445,6/21/22 0:00,00:00.0,12894,772692,SUP47,93.63,2,4
73924577,104784296,6/24/22 0:00,00:00.0,675,687,8317,479.9,3,2
73914572,21954889,6/23/22 0:00,00:00.0,1500,1464,AQU15,45.12,1,4
73144544,104706228,6/7/22 0:00,00:00.0,675,684,8317,447.4,6,2
73429136,SS00000000930,6/14/22 0:00,00:00.0,27900,501046,8ST1,23.68,1,4
73327473,21552198,6/9/22 0:00,00:00.0,9,774,ALL68,108.38,0,2
72973586,21349293,6/1/22 0:00,00:00.0,15804,12301,WIS2,572.32,1,2
73682045,HIT5000003245,6/20/22 0:00,00:00.0,7051,7074,HIT5,47.86,3,4
74059722,22058589,6/27/22 0:00,00:00.0,13836,9746,NSMIB,375.18,2,2
74203955,HIT5000003425,6/29/22 0:00,00:00.0,7051,8909,HIT5,38.74,4,4
74038089,HIT5000003378,6/27/22 0:00,00:00.0,7051,773830,HIT5,24.95,1,4
73326055,HIT5000003101,6/10/22 0:00,00:00.0,7051,8017,HIT5,24.68,1,4
73760216,C21411761-1,6/21/22 0:00,00:00.0,26585,10880,PLU4,-34.19,0,4
73964820,21554996-R,6/24/22 0:00,00:00.0,10,11999,SHA16,55.41,1,4
74237318,22173880,6/30/22 0:00,00:00.0,9,14659,PALLET,0,300,2
74267200,HIT5000003450,6/30/22 0:00,00:00.0,7051,97144,HIT5,40.91,2,4
73008892,21369863,6/1/22 0:00,00:00.0,15169,65046,ASH6,21.89,2,4
73853099,21913588,6/22/22 0:00,00:00.0,15005,295289,COO10,116.66,1,2
74252811,22186174,6/30/22 0:00,00:00.0,15986,28512,ABB1,40.38,5,4
73613430,HIT5000003214,6/17/22 0:00,00:00.0,7051,110966,HIT5,26.8,3,4
73928968,HIT5000003348,6/23/22 0:00,00:00.0,7051,50226,HIT5,30.9,2,4
74211786,C22054366-1,6/29/22 0:00,00:00.0,9,1695,AUS168,-44.51,0,4
74138079,HIT5000003404,6/28/22 0:00,00:00.0,7051,7068,HIT5,17.82,1,4
73131055,21440797,6/7/22 0:00,00:00.0,14990,14991,CLA11,19.41,1,4
73747237,BLZ0000499-R,6/21/22 0:00,00:00.0,10,2486,BLZ1,0,1,2
73900772,OZIT000000857,6/28/22 0:00,00:00.0,20048,9899,OZI1,732.22,3,2
74247170,FOR0000788045,6/30/22 0:00,00:00.0,15097,20,FOR24,1680.54,3,2
73773529,21858882,6/21/22 0:00,00:00.0,1092684,11053,SBEVPUR,215.44,1,2
73593303,BEGR000000807,6/17/22 0:00,00:00.0,49681,495,BET13,12.12,1,4
73707503,104763358,6/21/22 0:00,00:00.0,2418,14256,8317,341.79,3,2
73729210,900559001,6/20/22 0:00,00:00.0,13144,6273,TIC2,329.78,2,2
73421137,SF36711829-R,6/14/22 0:00,00:00.0,10,11910,SAM11,0,1,4
73843928,HIT5000003310,6/22/22 0:00,00:00.0,7051,7066,HIT5,17.82,1,4
73819004,21885572,6/22/22 0:00,00:00.0,9,5299,PALLET,0,4,2
73004061,21369029,6/1/22 0:00,00:00.0,1,13242,PALLET,0,30,2
73955617,21977516,6/24/22 0:00,00:00.0,11721,11726,RIC3,310.56,1,2
73829957,21894076,6/22/22 0:00,00:00.0,2484,1944,BOC13,212.81,1,2
73841152,21903929,6/22/22 0:00,00:00.0,1092684,31249,ARWA,55.59,1,2
73493514,SS00000000942,6/15/22 0:00,00:00.0,27900,318433,8ST1,56.96,5,4
74193106,HIT5000003420,6/29/22 0:00,00:00.0,7051,12990,HIT5,23.89,1,4
73080071,CMEN116296-R,6/3/22 0:00,00:00.0,775980,15025,COM63,0,1,4
73805044,HLTA000003899,6/21/22 0:00,00:00.0,7046,20,HIL11,91.52,1,2
73011953,900545556,6/1/22 0:00,00:00.0,12716,6273,TIC2,150.47,1,2
73793093,300863266,6/21/22 0:00,00:00.0,3443,11743,ROA8,12.12,1,4
73337122,RLWM108497-1,6/10/22 0:00,00:00.0,5554,3068,REL7,12.59,1,2
73278403,21524468,6/9/22 0:00,00:00.0,45949,7046,HIL10,64.4,2,2
73092193,HIT5000002951,6/3/22 0:00,00:00.0,7051,16664,HIT5,20.5,2,4
73425816,CPBBGRZ11816512-R,6/14/22 0:00,00:00.0,9,1050,COU12,0,1,4
73355490,900482033,6/10/22 0:00,00:00.0,38027,12408,SOU59,252.25,1,2
74200947,22154715,6/30/22 0:00,00:00.0,3225,15793,COO10,116.93,1,2
73618133,21749070,6/17/22 0:00,00:00.0,15931,772406,UNI40,500.63,4,2
73793460,21872959,6/22/22 0:00,00:00.0,1092684,11053,SBEVPUR,67.36,2,2
73974039,LUXC21992275,6/24/22 0:00,00:00.0,8447,8459,LUX1,155.02,1,2
73708055,SS00000000945,6/20/22 0:00,00:00.0,27900,31255,8ST1,15.85,1,4
73576623,HIT5000003206,6/16/22 0:00,00:00.0,7051,246416,HIT5,17.82,1,4
73266210,900519256,6/8/22 0:00,00:00.0,15168,1186936,SCH28,3820.76,6,2
73243859,HIT5000003042,6/8/22 0:00,00:00.0,7051,313,HIT5,17.82,1,4
73139006,SS00000000910,6/6/22 0:00,00:00.0,27900,33008,8ST1,23.79,1,4
73193135,HIT5000003004,6/7/22 0:00,00:00.0,7051,124235,HIT5,17.82,1,4
73551505,HIT5000003193,6/16/22 0:00,00:00.0,7051,780556,HIT5,31.44,3,4
73815017,21881977,6/22/22 0:00,00:00.0,15005,295289,COO10,339.55,4,2
73058228,900519095,6/2/22 0:00,00:00.0,118424,755,HVE1,90.49,1,2
73082944,HIT5000002940,6/3/22 0:00,00:00.0,7051,313,HIT5,17.82,1,4
73350929,21567876,6/10/22 0:00,00:00.0,6544,15639,GHL1,42.83,1,4
73431491,SS00000000937,6/14/22 0:00,00:00.0,27900,1046858,8ST1,20.49,1,4
74149808,HLTA000003965,6/28/22 0:00,00:00.0,7045,7046,HIL11,87.45,1,2
74179844,22136988,6/29/22 0:00,00:00.0,774780,156034,SUL7,111.76,1,4
73168196,21461514,6/6/22 0:00,00:00.0,9,25862,903600,101.24,0,2
73082572,IFS605002,6/3/22 0:00,00:00.0,446,28339,419400,19.52,1,4
73139491,SS00000000915,6/6/22 0:00,00:00.0,27900,33013,8ST1,23.09,1,4
73018552,BEGR000000786,6/2/22 0:00,00:00.0,774979,474270,BET13,28.03,4,4
73160790,900560716,6/6/22 0:00,00:00.0,777643,132136,NOR17,420.49,1,2
73680515,21790466,6/20/22 0:00,00:00.0,782563,295289,COO10,230.38,1,2
73493124,HIT5000003166,6/15/22 0:00,00:00.0,7051,1109202,HIT5,17.82,1,4
73776460,JLGWA00003371,6/21/22 0:00,00:00.0,1093483,7699,JLG2,24.59,1,4
73647279,21764319,6/17/22 0:00,00:00.0,1,4709,COU16,94.37,1,4
73586084,HLTA000003861,6/16/22 0:00,00:00.0,7046,3,HIL11,122.53,2,2
74054716,22054366,6/24/22 0:00,00:00.0,9,1695,AUS168,44.51,0,4
73006035,HLTA000003741,6/1/22 0:00,00:00.0,7046,10,HIL11,102.81,1,2
74195122,C20582613-1,6/29/22 0:00,00:00.0,10,6070,FAS14,-644.06,0,4
74255872,FOR0000788047,6/30/22 0:00,00:00.0,15097,20,FOR24,1299.04,3,2
73310211,HIT5000003097,6/9/22 0:00,00:00.0,7051,7061,HIT5,17.82,1,4
73769031,BXSN0024550-R,6/21/22 0:00,00:00.0,10,2367,ORO4,0,3,4
73495882,21671470,6/15/22 0:00,00:00.0,11726,11721,RIC3,18.43,1,4
73218270,900482032,6/8/22 0:00,00:00.0,38027,756,ALB10,260.86,1,2
73062269,21398125,6/3/22 0:00,00:00.0,9,10544,PALLET,0,8,2
73829384,ELRV23239-R,6/22/22 0:00,00:00.0,10,72080,TMS115,130.13,3,4
72983624,HIT5000002890,6/1/22 0:00,00:00.0,7051,80891,HIT5,23.84,2,4
73840904,21903671,6/22/22 0:00,00:00.0,16119,84088,TRI18,22.32,1,4
73238994,ASH0000000230,6/8/22 0:00,00:00.0,1648,157548,ASH6,99.81,30,4
73708343,SS00000000947,6/20/22 0:00,00:00.0,27900,32994,8ST1,19.51,1,4
73001523,HIT5000002903,6/1/22 0:00,00:00.0,7051,28555,HIT5,17.82,1,4
73830075,21894191,6/22/22 0:00,00:00.0,2484,35477,BOC13,91.26,1,2
73259188,HIT5000003060,6/8/22 0:00,00:00.0,7051,35999,HIT5,17.82,1,4
73075304,JLGWA00003344,6/3/22 0:00,00:00.0,1093483,36612,JLG2,133.92,1,2
74237004,22173623,6/30/22 0:00,00:00.0,9,38695,PALLET,0,300,2
74156963,900545607,6/28/22 0:00,00:00.0,38453,38451,PAL5,97.45,1,2
73678006,21501783-R,6/20/22 0:00,00:00.0,9,1093021,FEL4,300.19,2,2
74053683,22053411,6/27/22 0:00,00:00.0,2980,14917,CAS12,126.34,1,2
74111857,PAAU000000233,6/28/22 0:00,00:00.0,27128,11824,ROW2,16.75,1,4
74260603,FOR0000788052,6/30/22 0:00,00:00.0,15097,20,FOR24,1036.95,4,2
74188760,HIT5000003418,6/29/22 0:00,00:00.0,7051,513,HIT5,20.04,2,4
73441553,JLGWA00003364,6/14/22 0:00,00:00.0,1093483,7710,JLG2,25.14,1,4
74170669,PAAU000000234,6/29/22 0:00,00:00.0,27128,11824,ROW2,38.27,1,4
73630422,21757535,6/20/22 0:00,00:00.0,547549,11924,SCBM,40.52,2,2
73435919,21389878-R,6/14/22 0:00,00:00.0,9,11999,SHA16,30.56,1,4
73730493,21827849,6/20/22 0:00,00:00.0,9,5211,DRA4,18.7,1,4
73269522,900363391,6/8/22 0:00,00:00.0,95651,14748,7530,146.5,1,2
73326144,21551226,6/10/22 0:00,00:00.0,3,15809,STY3,40.09,1,2
72969804,LIGR000001808,6/1/22 0:00,00:00.0,547583,16004,LIG10,15.39,1,4
73162156,HLTA000003780,6/6/22 0:00,00:00.0,7046,3,HIL11,122.53,2,2
73019310,21374152,6/2/22 0:00,00:00.0,3201,3213,COO10,205.3,1,2
73008987,21369909,6/1/22 0:00,00:00.0,15169,1270383,ASH6,26.57,2,4
73299313,C900363386-1,6/9/22 0:00,00:00.0,95651,95654,6943,14.77,0,2
73971895,BEX001686,6/24/22 0:00,00:00.0,28534,335996,021C,1739.9,30,2
73292113,SS00000000929,6/9/22 0:00,00:00.0,27900,74396,8ST1,18.66,2,4
73501743,HIT5000003170,6/15/22 0:00,00:00.0,7051,83213,HIT5,24.43,1,4
72996249,RET62592124,6/2/22 0:00,00:00.0,547706,8212,LIN25,46.38,1,4
74133631,22110705,6/28/22 0:00,00:00.0,16119,16120,TRI18,16.22,1,4
74153549,HLTA000003972,6/28/22 0:00,00:00.0,7046,3,HIL11,69.48,1,2
73936216,900519259,6/23/22 0:00,00:00.0,15168,1186936,SCH28,2062.56,6,2
73411951,21521900-R,6/14/22 0:00,00:00.0,9,5222,DRI7,705.47,6,2
74203674,22156102,6/29/22 0:00,00:00.0,1,13242,PALLET,0,20,2
73065907,21400194,6/3/22 0:00,00:00.0,547638,9584,NAT52,153.29,1,4
73942420,900482041,6/23/22 0:00,00:00.0,38027,756,ALB10,113.57,1,2
73440738,HIT5000003147,6/14/22 0:00,00:00.0,7051,16664,HIT5,17.82,1,4
73689164,21798301,6/20/22 0:00,00:00.0,9,5211,DRA4,15.58,1,4
74304905,22220761,6/30/22 0:00,00:00.0,10,12280,SOJ1,46.84,60,2
74066219,HIT5000003386,6/27/22 0:00,00:00.0,7051,160910,HIT5,17.82,1,4
73042385,HALPLATES0206,6/2/22 0:00,00:00.0,6883,159611,HAL10,15.48,1,4
73721496,21823964,6/20/22 0:00,00:00.0,22912,26756,MEC14,261.39,1,2
72989011,21361548,6/1/22 0:00,00:00.0,2096,117376,BAM7,2719.32,5,2
73847373,LO601043182,6/22/22 0:00,00:00.0,773771,20,DUL12,288.2,2.5,2
73411904,HIT5000003133,6/14/22 0:00,00:00.0,7051,3024,HIT5,21.21,1,4
73767327,GHA4892962,6/21/22 0:00,00:00.0,10,16157,FLO13,134.45,1,2
73486656,YAMVIC0799901,6/15/22 0:00,00:00.0,14193,60,YAM5,79.84,1,2
73693584,21802160,6/20/22 0:00,00:00.0,10,9549,MYF8,16.41,1,4
73236652,ASH0000000227,6/8/22 0:00,00:00.0,1648,1270383,ASH6,43.84,11,4
73785777,HIT5000003292,6/21/22 0:00,00:00.0,7051,8893,HIT5,17.93,2,4
73824393,21889620,6/22/22 0:00,00:00.0,9476,9476,MYF34,102.22,0,2
73012728,21370870,6/1/22 0:00,00:00.0,1,5793,PALLET,0,300,2
73028842,21381664,6/2/22 0:00,00:00.0,2096,2104,BAM7,345.56,2,2
73493840,21669549,6/16/22 0:00,00:00.0,2503,2497,BOC98,90.37,1,2
73145306,104707135,6/7/22 0:00,00:00.0,675,676,8317,745.67,10,2
73822106,21462059-R,6/22/22 0:00,00:00.0,10,4905,DEB2,197.72,14,4
73955042,HIT5000003352,6/24/22 0:00,00:00.0,7051,9406,HIT5,17.82,1,4
72981873,21356051,6/1/22 0:00,00:00.0,20,9899,OZI1,136.07,1,2
73708918,SS00000000951,6/20/22 0:00,00:00.0,27900,33002,8ST1,24.16,1,4
74052981,SS00000000965,6/27/22 0:00,00:00.0,27900,32156,8ST1,27.62,2,4
74229785,22167516,6/30/22 0:00,00:00.0,2484,35477,BOC13,101.21,1,2
73433435,21631960,6/14/22 0:00,00:00.0,6544,48836,GHL1,87.89,7,4
73240544,CAFSPAYMENTCON-47,6/8/22 0:00,00:00.0,56288,56288,ALT3045,-6006.25,0,2
73027721,21270552-R,6/3/22 0:00,00:00.0,10,1211717,THE62,314.77,8,2
73504890,21678173,6/15/22 0:00,00:00.0,9,10490,PER28,24.5,2,4
74204865,HIT5000003426,6/29/22 0:00,00:00.0,7051,8910,HIT5,43.72,1,4
73691285,HIT5000003252,6/20/22 0:00,00:00.0,7051,7058,HIT5,17.82,1,4
73744393,21834165,6/21/22 0:00,00:00.0,3,13161,YAM8,52.06,1,2
73915920,HIT5000003338,6/23/22 0:00,00:00.0,7051,16664,HIT5,17.82,1,4
73556007,21709218,6/16/22 0:00,00:00.0,11050,276135,QCRSB,765,2,2
73888248,21931926,6/23/22 0:00,00:00.0,128557,128558,HIG6,307.3,1,2
73708713,SS00000000949,6/20/22 0:00,00:00.0,27900,33013,8ST1,21.77,1,4
74110572,22091120,6/28/22 0:00,00:00.0,2484,35477,BOC13,91.26,1,2
73708213,SS00000000946,6/20/22 0:00,00:00.0,27900,33053,8ST1,17.21,1,4
73309852,HAL09062022,6/9/22 0:00,00:00.0,6883,159611,HAL10,15.48,1,4
74187648,C20616090-1,6/29/22 0:00,00:00.0,10,6070,FAS14,-391.2,0,4
73521097,HLTA000003844,6/15/22 0:00,00:00.0,7046,6,HIL11,64.4,4,2
74164627,22124836,6/28/22 0:00,00:00.0,9,14853,BUS9,86.07,0,2
74221791,900560611,6/29/22 0:00,00:00.0,15480,6273,TIC2,719.81,3,2
73320715,HIT5000001618-R,6/10/22 0:00,00:00.0,3,7051,HIT5,17.82,1,4
73521664,HLTA000003848,6/15/22 0:00,00:00.0,7046,20,HIL11,91.52,1,2
73090089,21416765,6/7/22 0:00,00:00.0,15902,736,MIL24,13.76,1,4
74024787,COTL047274-1,6/27/22 0:00,00:00.0,9,886870,COT2,32.13,1,4
73778380,HIT5000003285,6/21/22 0:00,00:00.0,7051,215325,HIT5,17.82,2,4
73936937,KESN048409-R,6/23/22 0:00,00:00.0,1,161216,515101,0,1,4
73835919,HIT5000003307,6/22/22 0:00,00:00.0,7051,23030,HIT5,20.88,2,4
73299985,21541108,6/9/22 0:00,00:00.0,6544,25655,GHL1,592.89,2,2
73246507,HIT5000003046,6/8/22 0:00,00:00.0,7051,157726,HIT5,17.82,1,4
73782339,104779688,6/22/22 0:00,00:00.0,2418,38897,8317,119.93,2,2
73115147,21428248,6/6/22 0:00,00:00.0,128557,225042,HIG6,288.68,1,2
74064888,LO601043213,6/27/22 0:00,00:00.0,773771,20,DUL12,288.2,2.5,2
73319955,21547509,6/10/22 0:00,00:00.0,9,10544,PALLET,0,12,2
73922868,HLTA000003917,6/23/22 0:00,00:00.0,7039,7046,HIL11,68.59,1,2
74265213,SMPT22196411,6/30/22 0:00,00:00.0,12402,12401,SOU61,136.11,1,2
73039436,21389687,6/2/22 0:00,00:00.0,9,20182,WAT30,26.9,1,4
73429523,SS00000000931,6/14/22 0:00,00:00.0,27900,31255,8ST1,14.5,1,4
74052128,SS00000000964,6/27/22 0:00,00:00.0,27900,32999,8ST1,16.28,2,4
73964448,HIT5000003356,6/24/22 0:00,00:00.0,7051,35997,HIT5,33.41,2,4
73437969,21635689,6/14/22 0:00,00:00.0,547669,16264,JON8,848.57,3,4
74225240,900545803,6/29/22 0:00,00:00.0,12716,6273,TIC2,356.05,2,2
73162076,HLTA000003779,6/6/22 0:00,00:00.0,7046,1,HIL11,215.61,1,2
73641578,21763040,6/17/22 0:00,00:00.0,16119,16120,TRI18,12.7,1,4
73444207,21639376,6/14/22 0:00,00:00.0,3,675,PP-ALB,0,1,2
74316672,22231383,6/30/22 0:00,00:00.0,95651,14748,7530,118.91,1,2
73819055,21885605,6/21/22 0:00,00:00.0,9,774,ALL68,108.38,0,2
73638930,BNMA104064-R,6/17/22 0:00,00:00.0,20,2576,BRA45,65.77,1,4
73825797,21890821,6/22/22 0:00,00:00.0,675,2418,BIL3,58.54,6,2
72997142,JLG0000004452,6/1/22 0:00,00:00.0,36612,7710,JLG2,28.87,1,4
74061122,FOR0000788038,6/27/22 0:00,00:00.0,15097,20,FOR24,196.93,1,2
73352029,HIT5000003121,6/10/22 0:00,00:00.0,7051,35044,HIT5,25.36,1,4
73291847,SS00000000928,6/9/22 0:00,00:00.0,27900,318433,8ST1,23.89,1,4
73444910,HIT5000003152,6/14/22 0:00,00:00.0,7051,110964,HIT5,17.82,1,4
73792507,21872541,6/21/22 0:00,00:00.0,1230665,13558,tor2,117.31,1,2
74229084,22167332,6/30/22 0:00,00:00.0,9,5299,PALLET,0,8,2
73089391,LO600994527,6/3/22 0:00,00:00.0,773771,20,DUL12,288.2,2.5,2
73228742,HIT5000003027,6/8/22 0:00,00:00.0,7051,971,HIT5,22.49,1,4
74268205,HIT5000003452,6/30/22 0:00,00:00.0,7051,773223,HIT5,27.64,2,4
73234508,21501324,6/8/22 0:00,00:00.0,95651,14748,7530,111.62,1,2
73912251,21790916-R,6/23/22 0:00,00:00.0,9,12398,SOU62,0,7,4
73224108,21492808-1,6/8/22 0:00,00:00.0,3,6114,FDM1,0,2,2
73963641,21983968,6/24/22 0:00,00:00.0,5,6544,GHL1,45.63,1,4
73541137,21697000,6/16/22 0:00,00:00.0,675,6606,GOO8,62.16,1,2
74140197,22114918,6/28/22 0:00,00:00.0,1,15809,STY3,265.77,1,2
74035613,HIT5000003375,6/27/22 0:00,00:00.0,7051,773224,HIT5,20.46,1,4
73850184,21911214,6/22/22 0:00,00:00.0,6544,21142,GHL1,37.12,1,4
73891582,21934666,6/23/22 0:00,00:00.0,9,38695,PALLET,0,90,2
74208442,HIT5000003433,6/29/22 0:00,00:00.0,7051,182098,HIT5,17.82,1,4
74187966,C20544462-1,6/29/22 0:00,00:00.0,10,6070,FAS14,-264.75,0,4
73522431,HLTA000003849,6/15/22 0:00,00:00.0,7045,7046,HIL11,69.04,1,2
73784450,HIT5000003290,6/21/22 0:00,00:00.0,7051,8909,HIT5,17.82,1,4
73171417,21462934,6/7/22 0:00,00:00.0,2484,35477,BOC13,91.26,1,2
73387217,RICU023552-R-1,6/13/22 0:00,00:00.0,1,1152112,EFF83,0,1,4
73246120,HIT5000003045,6/8/22 0:00,00:00.0,7051,246406,HIT5,17.87,1,4
73119224,HIT5000002960,6/6/22 0:00,00:00.0,7051,1092538,HIT5,45.16,3,4
73974849,21992742,6/24/22 0:00,00:00.0,13270,397,TLS7,179.67,1,2
73036653,21387621,6/2/22 0:00,00:00.0,181818,12746,SUN12,56.65,1,4
73088634,21415995,6/3/22 0:00,00:00.0,755,12408,SOU59,428.82,3,2
74236971,22173618,6/30/22 0:00,00:00.0,2096,2104,BAM7,35.08,1,4
73550838,21704785,6/16/22 0:00,00:00.0,3,6114,FDM1,112.2,3,2
73044860,HIT5000002925,6/2/22 0:00,00:00.0,7051,5526,HIT5,19.46,3,4
73016937,21372742,6/1/22 0:00,00:00.0,10,12280,SOJ1,40,180,2
73649386,900519142,6/17/22 0:00,00:00.0,16050,13483,TMS59,61.83,1,2
73336826,21559240,6/10/22 0:00,00:00.0,15116,15117,OZT3,94.93,1,2
73719111,900469721,6/20/22 0:00,00:00.0,16258,70,MUL7,420.35,5,2
73004394,HIT5000002906,6/1/22 0:00,00:00.0,7051,7067,HIT5,17.82,1,4
73918356,HIT5000003342,6/23/22 0:00,00:00.0,7051,160559,HIT5,36.09,5,4
74159972,900505720,6/28/22 0:00,00:00.0,2997,118989,BOC59,91.26,1,2
73963849,21582949-R,6/24/22 0:00,00:00.0,10,2665,BRI42,72.01,1,4
73441937,HIT5000003148,6/14/22 0:00,00:00.0,7051,7065,HIT5,17.82,1,4
73081417,104693751,6/3/22 0:00,00:00.0,675,689,8317,799.83,5,2
73731238,HLTA000003884,6/20/22 0:00,00:00.0,7045,7046,HIL11,69.04,1,2
73230467,21497846,6/8/22 0:00,00:00.0,11050,11053,SBEVB,799.72,3,2
73248369,HIT5000003048,6/8/22 0:00,00:00.0,7051,7077,HIT5,31.17,2,4
73184795,21473592,6/7/22 0:00,00:00.0,379429,11053,ADPALLET,245.82,1,2
74165218,22125477,6/29/22 0:00,00:00.0,10,54,620000,50.23,10,4
73849415,21910562,6/22/22 0:00,00:00.0,15986,28512,ABB1,52.42,3,4
73350499,21567723,6/10/22 0:00,00:00.0,6544,241049,GHL1,82.17,5,4
73566275,HIT5000003200,6/16/22 0:00,00:00.0,7051,39697,HIT5,17.82,1,4
74172029,CAFSPAYMENTCON-50,6/29/22 0:00,00:00.0,56288,56288,ALT3045,-5060.82,0,2
73128910,21438966,6/6/22 0:00,00:00.0,9,5299,PALLET,0,10,2
73801846,HLTA000003895,6/21/22 0:00,00:00.0,7045,7046,HIL11,82.43,1,2
73312311,HLTA000003814,6/9/22 0:00,00:00.0,7046,6,HIL11,64.4,2,2
74168009,22127406,6/29/22 0:00,00:00.0,675,6606,GOO8,124.31,2,2
73575611,21724451,6/17/22 0:00,00:00.0,1092684,31249,ARWA,1064.52,2,2
73437080,HIT5000003142,6/14/22 0:00,00:00.0,7051,110966,HIT5,17.82,1,4
73558545,104736407,6/17/22 0:00,00:00.0,16179,38897,8317,469.03,3,2
73924026,HIT5000003347,6/23/22 0:00,00:00.0,7051,49214,HIT5,17.82,1,4
73409524,HIT5000003130,6/14/22 0:00,00:00.0,7051,335018,HIT5,19.42,1,4
73299507,HIT5000003084,6/9/22 0:00,00:00.0,7051,1256853,HIT5,17.82,1,4
74183418,22140208,6/29/22 0:00,00:00.0,15005,295289,COO10,107.23,1,2
73691744,HIT5000003253,6/20/22 0:00,00:00.0,7051,7072,HIT5,17.82,1,4
73187679,21475961,6/7/22 0:00,00:00.0,9746,13836,VNOPC,40.52,1,2
74261174,22193315,6/30/22 0:00,00:00.0,7398,7377,IDE4,402.11,1,2
73647147,21764325,6/17/22 0:00,00:00.0,9,6643,GUA2,14.76,1,4
73706395,21813316,6/20/22 0:00,00:00.0,9,179,208301,10.9,1,4
73253224,HIT5000003053,6/8/22 0:00,00:00.0,7051,8909,HIT5,17.82,1,4
73305394,HIT5000003092,6/9/22 0:00,00:00.0,7051,7068,HIT5,17.82,1,4
74195993,C20796669-1,6/29/22 0:00,00:00.0,10,6070,FAS14,-267.8,0,4
73433841,21632226,6/14/22 0:00,00:00.0,755,12408,SOU59,325.33,3,2
73208444,HIT5000003023,6/7/22 0:00,00:00.0,7051,971,HIT5,17.82,1,4
73062390,21398169,6/3/22 0:00,00:00.0,9,11925,PALLET,0,60,2
73099398,HLTA000003769,6/3/22 0:00,00:00.0,7045,7046,HIL11,121.19,2,2
73951792,21934095-1,6/24/22 0:00,00:00.0,10,21502,FRE49,55.57,1,2
73139005,HIT5000002970,6/6/22 0:00,00:00.0,7051,315659,HIT5,47.52,2,4
73343013,HIT5000003113,6/10/22 0:00,00:00.0,7051,1092538,HIT5,21.09,2,4
73093308,HIT5000002954,6/3/22 0:00,00:00.0,7051,800791,HIT5,21.13,1,4
73041550,21390835,6/2/22 0:00,00:00.0,6544,103987,GHL1,29.16,4,4
73684015,SMZ0000000777,6/21/22 0:00,00:00.0,16204,13039,SOM1,27.93,3,4
73744396,21834166,6/21/22 0:00,00:00.0,3,2497,BOC8,83.65,1,2
74130522,FOR0000788043,6/28/22 0:00,00:00.0,15097,20,FOR24,739.02,2,2
73280880,HLTA000003808,6/9/22 0:00,00:00.0,7045,7046,HIL11,69.04,1,2
73735348,HLTA000003886,6/20/22 0:00,00:00.0,7046,3,HIL11,123.13,2,2
73876995,900544516,6/22/22 0:00,00:00.0,658,659,7542,578.2,4,2
73965128,OWCD17098-R,6/24/22 0:00,00:00.0,10,9798,ONE10,48.48,1,4
74108388,22089175,6/28/22 0:00,00:00.0,15901,11824,ROW2,17.94,1,4
73237785,21503970,6/8/22 0:00,00:00.0,9,5299,PALLET,0,8,2
73913320,YMAQLD0484998,6/23/22 0:00,00:00.0,13161,14203,YAM6,176.38,1,2
73741404,CPBXWAC0148909-R,6/20/22 0:00,00:00.0,1,4709,COU16,13.88,1,4
73205613,HIT5000003015,6/7/22 0:00,00:00.0,7051,17602,HIT5,62.21,2,4
74215130,900519637,6/29/22 0:00,00:00.0,15464,6273,TIC2,157.61,1,2
73768636,HIT5000003284,6/21/22 0:00,00:00.0,7051,36007,HIT5,17.82,1,4
73035267,YMAQLD0484282,6/3/22 0:00,00:00.0,13161,14211,YAM9,614.76,1,2
73203601,HIT5000003008,6/7/22 0:00,00:00.0,7051,7073,HIT5,17.82,1,4
73776455,21861473,6/21/22 0:00,00:00.0,26090,9990,PAC26,34.86,4,4
73136636,EAS1520212022WK48,6/3/22 0:00,00:00.0,5299,5299,EAS15,80,0,2
73464922,900544512,6/14/22 0:00,00:00.0,658,659,7542,554.44,6,2
73481134,21658842,6/15/22 0:00,00:00.0,3,7658,IPS1,17.77,1,4
73632202,104766691,6/20/22 0:00,00:00.0,675,676,8317,203.37,3,2
73612774,900363122,6/17/22 0:00,00:00.0,14801,2480,BLU11,504.45,2,2
73759876,ASH0000000240,6/21/22 0:00,00:00.0,1648,15163,ASH6,16.8,1,4
74283552,HLTA000003993,6/30/22 0:00,00:00.0,7046,10,HIL11,168.62,3,2
72967539,21345448,6/1/22 0:00,00:00.0,9,5299,PALLET,0,8,2
73638821,HIT5000003230,6/17/22 0:00,00:00.0,7051,2803,HIT5,17.82,1,4
73562916,21632552-R,6/16/22 0:00,00:00.0,5,15986,ABB1,594.26,1,2
73298749,104719429,6/10/22 0:00,00:00.0,688,689,8317,173.53,1,2
73406015,21608618,6/14/22 0:00,00:00.0,6,6,ROYA,116.8,0,2
73196512,21482567,6/7/22 0:00,00:00.0,16119,16120,TRI18,12.7,1,4
73137992,HIT5000002968,6/6/22 0:00,00:00.0,7051,110967,HIT5,17.82,1,4
73525915,900519310,6/15/22 0:00,00:00.0,38375,788183,BEN10,861.71,1,2
74100157,22082709,6/28/22 0:00,00:00.0,675,775086,ITO1,79.74,1,2
73889104,HIT5000003328,6/23/22 0:00,00:00.0,7051,50755,HIT5,33.41,2,4
73234311,HIT5000003032,6/8/22 0:00,00:00.0,7051,7057,HIT5,17.82,1,4
73073226,HIT5000002937,6/3/22 0:00,00:00.0,7051,17602,HIT5,235.01,8,4
73903340,FOR0000788035,6/23/22 0:00,00:00.0,15097,20,FOR24,265.04,1,2
73294325,21537628,6/9/22 0:00,00:00.0,28719,2961,DIA9,32.37,1,4
73554782,KLVS17180-R,6/16/22 0:00,00:00.0,9,7867,KUE11,0,2,2
73825466,YMAQLD0484870,6/22/22 0:00,00:00.0,13161,60,YAM5,113.66,1,2
73058700,900519777,6/2/22 0:00,00:00.0,15476,6273,TIC2,200.19,1,2
74226433,900363392,6/29/22 0:00,00:00.0,95651,14748,7530,254.46,1,2
73726677,HLTA000003883,6/20/22 0:00,00:00.0,7039,7046,HIL11,66.79,1,2
73018543,21373822,6/2/22 0:00,00:00.0,379429,11053,SBEVB,55.47,1,2
74188219,KLNS16976-R,6/29/22 0:00,00:00.0,1,622616,KUE18,656.42,1,2
73507805,104756555,6/16/22 0:00,00:00.0,675,684,8317,1043.88,20,2
73423002,JLGWA00003362,6/14/22 0:00,00:00.0,1093483,15584,JLG2,262.81,1,2
74046505,EAS1520212022WK51,6/26/22 0:00,00:00.0,5299,5299,EAS15,80,0,2
73521630,HLTA000003847,6/15/22 0:00,00:00.0,7046,10,HIL11,115.35,2,2
74106052,22087295,6/28/22 0:00,00:00.0,26203,786871,BOC27,203.72,1,2
74533988,ILSDNF2022,6/30/22 0:00,00:00.0,38770,38770,ILS1,32967.84,0,4
73514662,HIT5000003185,6/15/22 0:00,00:00.0,7051,681,HIT5,17.82,1,4
73962207,BEXN011011P,6/24/22 0:00,00:00.0,5,9899,PALLET,0,36,2
74289035,900533040,6/30/22 0:00,00:00.0,2997,3022,EFF32,97.77,5,4
73296665,HIT5000003079,6/9/22 0:00,00:00.0,7051,7073,HIT5,17.82,1,4
73913584,21954304,6/23/22 0:00,00:00.0,359341,12985,TCB1,17.82,1,4
73459317,HLTA000003837,6/14/22 0:00,00:00.0,7046,20,HIL11,91.52,1,2
73104430,900459909,6/3/22 0:00,00:00.0,839063,318718,8395,372.32,3,2
73174024,21465071,6/7/22 0:00,00:00.0,1092684,31249,ARWA,1144.8,4,2
73584266,DXP2225614,6/16/22 0:00,00:00.0,15943,112064,CRE8,26.4,1,4
73784077,HIT5000003289,6/21/22 0:00,00:00.0,7051,35998,HIT5,17.82,1,4
73290873,21535300,6/9/22 0:00,00:00.0,16119,16120,TRI18,13.1,1,4
73735322,HLTA000003885,6/20/22 0:00,00:00.0,7046,1,HIL11,215.61,1,2
74210751,19401716,6/29/22 0:00,00:00.0,1,15540,FAS18,37.27,1,4
73134882,900533048,6/6/22 0:00,00:00.0,2997,3022,EFF32,29.43,1,4
73753526,21840931,6/21/22 0:00,00:00.0,9,12909,SYD15,15.73,1,4
73901723,21943810,6/23/22 0:00,00:00.0,9676,157265,NOC2,12.61,1,4
73923487,HIT5000003346,6/23/22 0:00,00:00.0,7051,110967,HIT5,21.61,3,4
74132253,3305940,6/29/22 0:00,00:00.0,5950,38897,8317,625.37,4,2
73907740,104784278,6/27/22 0:00,00:00.0,14650,38897,8317,2466.64,17,2
73477441,HIT5000003159,6/15/22 0:00,00:00.0,7051,36000,HIT5,17.82,1,4
73842311,21905043,6/22/22 0:00,00:00.0,15166,57276,SCH32,65.93,1,2
73068293,21401767,6/3/22 0:00,00:00.0,26203,342974,BOC27,126.08,1,2
74207185,22158317,6/29/22 0:00,00:00.0,114176,295289,COO10,288.68,1,2
73446758,HIT5000003154,6/14/22 0:00,00:00.0,7051,8911,HIT5,17.82,1,4
73008907,21369880,6/1/22 0:00,00:00.0,15169,1647,ASH6,22.45,2,4
73725796,HIT5000003266,6/20/22 0:00,00:00.0,7051,7061,HIT5,17.82,1,4
72992029,21363672,6/1/22 0:00,00:00.0,20,16094,TMS84,127.07,1,2
74225183,900505721,6/29/22 0:00,00:00.0,2997,2497,CIG1,984.04,3,2
73791580,300863265,6/21/22 0:00,00:00.0,3443,11743,ROA8,12.12,1,4
73011514,900560607,6/1/22 0:00,00:00.0,15480,6273,TIC2,186.89,1,2
73387099,21592348,6/13/22 0:00,00:00.0,15169,1648,ASH6,27.84,2,4
73045072,21393266,6/2/22 0:00,00:00.0,58258,426515,ALN1,0,1,4
74120527,SS00000000971,6/28/22 0:00,00:00.0,27900,824690,8ST1,29.06,2,4
74051263,SS00000000960,6/27/22 0:00,00:00.0,27900,26720,8ST1,34.52,4,4
73707641,SS00000000943,6/20/22 0:00,00:00.0,27900,33008,8ST1,28.79,2,4
73195394,21481811,6/7/22 0:00,00:00.0,1,775473,ROW3,97.67,1,2
73677796,HIT5000003237,6/20/22 0:00,00:00.0,7051,779696,HIT5,17.82,1,4
73709203,JLG0000004473,6/20/22 0:00,00:00.0,7699,1093483,JLG2,27.05,1,4
73627087,2979278,6/21/22 0:00,00:00.0,5950,38897,8317,347.41,2,2
73150986,21454897,6/7/22 0:00,00:00.0,10880,811256,PLU4,25.56,2,4
74280491,HLTA000003989,6/30/22 0:00,00:00.0,7045,7046,HIL11,69.04,1,2
73677753,21788362,6/20/22 0:00,00:00.0,5,2119,BAY11,176.54,4,2
72949260,21340340,6/1/22 0:00,00:00.0,22468,15328,RAP9,73.03,1,2
73430794,SS00000000934,6/14/22 0:00,00:00.0,27900,33013,8ST1,19.78,1,4
74264069,22195486,6/30/22 0:00,00:00.0,8759,18414,MIL20,389.54,2,2
73554604,SRGK137596,6/16/22 0:00,00:00.0,7867,29875,KUE30,15.22,1,4
73860580,HIT5000003321,6/22/22 0:00,00:00.0,7051,40661,HIT5,45.38,4,4
72981196,SAST000000135,6/1/22 0:00,00:00.0,11837,11824,ROW2,20.34,1,4
74015786,22019348,6/27/22 0:00,00:00.0,756,755,ALB10,298.58,2,2
73634159,104765770,6/20/22 0:00,00:00.0,675,684,8317,1043.88,18,2
73089339,20222229-R,6/3/22 0:00,00:00.0,1,2655,BRU6,20.21,1,4
73873642,HLTA000003910,6/22/22 0:00,00:00.0,7046,10,HIL11,115.35,2,2
74240917,22176411,6/30/22 0:00,00:00.0,15901,11824,ROW2,17.94,1,4
73048441,19988189-R,6/2/22 0:00,00:00.0,1,2655,BRU6,22.8,1,4
73282381,HIT5000003069,6/9/22 0:00,00:00.0,7051,44309,HIT5,17.82,1,4
74127795,FOR0000788042,6/28/22 0:00,00:00.0,15097,38815,SAF12,141.39,1,2
73905480,21947201,6/23/22 0:00,00:00.0,157548,1648,ASH6,25.67,1,4
73396066,21598964,6/10/22 0:00,00:00.0,9,5279,DYN15,98.42,0,2
73311922,HLTA000003812,6/9/22 0:00,00:00.0,7046,10,HIL11,115.35,2,2
73080722,104683057,6/3/22 0:00,00:00.0,675,684,8317,1260.78,20,2
73935775,HLTA000003922,6/23/22 0:00,00:00.0,7046,1,HIL11,215.61,1,2
73541033,HIT5000003188,6/16/22 0:00,00:00.0,7051,115,HIT5,17.82,1,4
73129809,21439663,6/6/22 0:00,00:00.0,1092684,11053,SUN22,40.52,1,2
73799606,HIT5000003298,6/21/22 0:00,00:00.0,7051,772909,HIT5,17.82,1,4
73412235,21521498-R,6/15/22 0:00,00:00.0,10,5222,DRI7,366.58,3,2
73575797,20551897-R,6/16/22 0:00,00:00.0,1,16278,HOS4,0,1,4
73087504,21415346,6/4/22 0:00,00:00.0,31717,11726,RIC3,340.18,1,2
73081615,104691781,6/3/22 0:00,00:00.0,675,687,8317,639.87,4,2
73433958,21632334,6/14/22 0:00,00:00.0,9746,13836,VNOPC,40.52,1,2
74053329,SS00000000966,6/27/22 0:00,00:00.0,27900,1046858,8ST1,22.27,1,4
74125769,22104804,6/28/22 0:00,00:00.0,10880,622024,PLU4,67.75,6,4
73716411,HIT5000003261,6/20/22 0:00,00:00.0,7051,7073,HIT5,19.71,3,4
73136088,CRI0000008422-R,6/6/22 0:00,00:00.0,9,4772,CRI8,11.35,1,4
74164454,22124826,6/28/22 0:00,00:00.0,9,774,ALL68,108.38,0,2
73902609,FOR0000788034,6/23/22 0:00,00:00.0,15097,20,FOR24,169.53,1,2
73272725,21520792,6/16/22 0:00,00:00.0,15081,13728,UPD1,14.22,2,4
73561105,JLG0000004468,6/16/22 0:00,00:00.0,15613,7699,JLG2,43.41,1,4
73363794,900469720,6/10/22 0:00,00:00.0,16258,70,MUL7,472.97,5,2
73646980,HLTA000003875,6/17/22 0:00,00:00.0,7046,20,HIL11,91.52,1,2
73187110,21475551,6/8/22 0:00,00:00.0,3,6429,PALLET,0,24,2
72998696,HIT5000002899,6/1/22 0:00,00:00.0,7051,9399,HIT5,38.73,4,4
73052904,KIN0000033642-R,6/2/22 0:00,00:00.0,1,7773,KIN18,15.54,1,4
73475222,21654111,6/15/22 0:00,00:00.0,3,8667,MED12,89.26,1,2
73491246,21667200,6/15/22 0:00,00:00.0,7398,7377,IDE4,258.76,1,2
73644257,HLTA000003870,6/17/22 0:00,00:00.0,7045,7046,HIL11,69.04,1,2
73818636,21885508,6/22/22 0:00,00:00.0,9,10544,PALLET,0,24,2
73066085,21400314,6/3/22 0:00,00:00.0,379429,773553,WBAYB,40.52,1,2
73231434,21498690,6/8/22 0:00,00:00.0,26090,9990,PAC26,74.91,6,4
73772199,21857628,6/21/22 0:00,00:00.0,11924,27664,SCBM,163.09,1,2
73086966,HIT5000002942,6/3/22 0:00,00:00.0,7051,110966,HIT5,17.82,1,4
74073068,HIT5000003389,6/27/22 0:00,00:00.0,7051,110961,HIT5,17.82,1,4
73674439,COTC148968-R,6/20/22 0:00,00:00.0,10,886870,COT2,0,1,2
73348791,HIT5000003117,6/10/22 0:00,00:00.0,7051,40661,HIT5,17.82,1,4
74261394,FOR0000788053,6/30/22 0:00,00:00.0,15097,38815,SAF12,1098.75,3,2
73478787,21657078,6/15/22 0:00,00:00.0,15902,741,MIL24,13.76,1,4
73825610,YMAQLD0484874,6/22/22 0:00,00:00.0,13161,14193,YAM7,49.43,1,2
73440064,HIT5000003146,6/14/22 0:00,00:00.0,7051,7077,HIT5,25.01,2,4
73046792,900560451,6/2/22 0:00,00:00.0,13144,6273,TIC2,398.77,3,2
73795725,HLTA000003894,6/21/22 0:00,00:00.0,7039,7046,HIL11,90.4,1,2
73586528,HLTA000003863,6/16/22 0:00,00:00.0,7046,20,HIL11,91.52,1,2
73161964,HLTA000003778,6/6/22 0:00,00:00.0,7046,6,HIL11,64.4,2,2
73297729,21540022,6/9/22 0:00,00:00.0,9,179,208301,10.9,1,4
73034131,SMPT21385716,6/2/22 0:00,00:00.0,12402,12401,SOU61,159.86,1,2
73948096,21971353,6/24/22 0:00,00:00.0,9,10544,PALLET,0,3,2
73188062,IPCR1008650-1,6/7/22 0:00,00:00.0,9,13278,TMA2,13.8,1,4
73686082,21795454,6/20/22 0:00,00:00.0,1092684,11053,SBEVPUR,62.55,3,2
73407321,HIT5000003128,6/14/22 0:00,00:00.0,7051,115,HIT5,17.82,1,4
73090532,21416824,6/7/22 0:00,00:00.0,15902,736,ALD7,13.76,1,4
73780198,80148547,6/22/22 0:00,00:00.0,28534,28535,021C,151.29,1,2
73139616,SS00000000917,6/6/22 0:00,00:00.0,27900,635708,8ST1,20.96,1,4
73710061,104765701,6/21/22 0:00,00:00.0,675,38897,8317,99.94,3,2
72978779,21353565,6/1/22 0:00,00:00.0,15677,51571,CAP15,17.85,2,4
73631358,104750846,6/20/22 0:00,00:00.0,675,687,8317,479.9,3,2
73527775,900519776,6/15/22 0:00,00:00.0,15476,6273,TIC2,192.48,1,2
74193222,22148887,6/30/22 0:00,00:00.0,2503,2497,BOC98,287.46,2,2
73581386,HLTA000003858,6/16/22 0:00,00:00.0,7045,7046,HIL11,69.04,1,2
73760584,LINS000010397,6/21/22 0:00,00:00.0,8290,8191,LIN24,23.1,1,4
73626127,21753612,6/17/22 0:00,00:00.0,157,157,MAX13,12.61,1,4
74279086,900519262,6/30/22 0:00,00:00.0,15168,1186936,SCH28,987.97,4,2
73363405,900533049,6/10/22 0:00,00:00.0,2997,3022,EFF32,364.23,2,2
73118676,HIT5000002959,6/6/22 0:00,00:00.0,7051,115,HIT5,17.82,1,4
74062253,HIT5000003385,6/27/22 0:00,00:00.0,7051,447,HIT5,17.82,1,4
73435296,HIT5000003140,6/14/22 0:00,00:00.0,7051,857,HIT5,74.9,3,4
73337026,HIT5000003111,6/10/22 0:00,00:00.0,7051,319,HIT5,17.82,1,4
74083344,HLTA000003949,6/27/22 0:00,00:00.0,7046,10,HIL11,168.62,3,2
73206543,HIT5000003017,6/7/22 0:00,00:00.0,7051,7068,HIT5,19.93,2,4
73562887,21715095,6/16/22 0:00,00:00.0,16119,16120,TRI18,13.99,1,4
73606493,21739757,6/17/22 0:00,00:00.0,755,12408,SOU59,1601.09,11,2
73042188,20286818-R,6/2/22 0:00,00:00.0,1,8438,LUP1,18.44,2,4
73157096,21198196-R,6/6/22 0:00,00:00.0,9,11903,SAL16,0,1,2
73142902,104706406,6/7/22 0:00,00:00.0,675,676,8317,203.37,2,2
73675838,21676470,6/20/22 0:00,00:00.0,10,7465,ILS3,88.19,2,4
73837518,21900643,6/22/22 0:00,00:00.0,6,6,PP-ALB,87.86,0,2
74196931,22151792,6/29/22 0:00,00:00.0,11726,11721,RIC3,268.63,1,2
73780002,900480864-R,6/21/22 0:00,00:00.0,1,6273,MEC16,0,2,4
73322831,21548907,6/10/22 0:00,00:00.0,675,6606,GOO8,62.16,1,2
73331201,LINS000010323,6/10/22 0:00,00:00.0,8290,8191,LIN24,23.1,1,4
73157611,20606244-1,6/6/22 0:00,00:00.0,42980,3901,GHL1,148.54,0,2
73242682,21363672-1,6/8/22 0:00,00:00.0,20,16094,TMS84,97.49,0,2
73601933,21735782,6/17/22 0:00,00:00.0,10,11,BRU4,909.91,4,2
73114074,YAMVIC0799838,6/6/22 0:00,00:00.0,14193,60,YAM5,371.6,2,2
73682634,HIT5000003248,6/20/22 0:00,00:00.0,7051,7057,HIT5,17.82,1,4
73409310,21167851-R,6/14/22 0:00,00:00.0,9,5945,ETB1,77.46,1,4
73624412,21753277,6/17/22 0:00,00:00.0,7398,7377,IDE4,60.39,5,4
73707010,21813910,6/22/22 0:00,00:00.0,1647,1648,ASH6,13.2,1,4
73955715,21942697-1,6/24/22 0:00,00:00.0,10,775053,MAC22,17,1,4
73203625,900544508,6/7/22 0:00,00:00.0,658,120846,FLO13,151.88,2,2
73179838,21469625,6/7/22 0:00,00:00.0,2096,117376,BAM7,1160.55,3,2
73440084,SS00000000941,6/14/22 0:00,00:00.0,27900,33002,8ST1,21.91,1,4
74121079,22100881,6/28/22 0:00,00:00.0,15986,28512,ABB1,283.28,3,4
73995591,HLTA000003934,6/24/22 0:00,00:00.0,7046,10,HIL11,65.66,1,2
73321984,21548235,6/10/22 0:00,00:00.0,9,2566,PALLET,0,100,2
73331375,OCA21554984,6/14/22 0:00,00:00.0,547076,774927,OUT5,29.76,1,4
73554555,HIT5000003196,6/16/22 0:00,00:00.0,7051,313,HIT5,17.82,1,4
73285053,LETE103828-R,6/9/22 0:00,00:00.0,3,8158,LEI4,17.82,1,4
73855451,HIT5000003319,6/22/22 0:00,00:00.0,7051,2803,HIT5,17.82,1,4
73283010,HIT5000003071,6/9/22 0:00,00:00.0,7051,115,HIT5,17.82,1,4
74253230,22186550,6/30/22 0:00,00:00.0,159969,19,BEX-IT,0,1,2
74269423,HIT5000003455,6/30/22 0:00,00:00.0,7051,8909,HIT5,17.82,1,4
72967043,21345437,6/1/22 0:00,00:00.0,3,5196,DON4,86.02,1,2
73485358,21662389,6/15/22 0:00,00:00.0,379429,13836,VNOPB,40.52,1,2
73935668,HLTA000003921,6/23/22 0:00,00:00.0,7045,7046,HIL11,69.04,1,2
73546532,LINS000010369,6/17/22 0:00,00:00.0,15535,8191,LIN22,22.1,1,4
72917216,21317986,6/6/22 0:00,00:00.0,114109,13728,UPD1,14.22,1,4